2554,99.997
1127,99.997
2500,99.987
952,99.986
960,99.979
5138,99.973
1051,99.972
1433,99.966
5762,99.966
1149,99.964
3546,99.962
1339,99.962
5346,99.957
1471,99.956
4219,99.946
2651,99.939
5120,99.939
132,99.932
725,99.932
1414,99.928
4029,99.922
4130,99.915
1513,99.914
5351,99.913
1155,99.913
1261,99.91
5666,99.908
1606,99.903
6843,99.895
1336,99.894
4906,99.885
1347,99.883
2944,99.88
3251,99.879
635,99.872
1961,99.865
5126,99.863
2607,99.86
6528,99.839
2092,99.838
2314,99.835
5511,99.827
561,99.826
1369,99.812
3025,99.807
6107,99.804
2795,99.795
1628,99.791
4537,99.79
3247,99.789
1516,99.786
3143,99.778
1353,99.778
1775,99.768
1102,99.762
6217,99.757
4054,99.756
1274,99.753
1867,99.753
6691,99.747
5021,99.741
2820,99.739
1087,99.731
6488,99.728
1033,99.726
3724,99.725
3556,99.694
6566,99.692
6850,99.685
3606,99.683
934,99.674
4784,99.67
4030,99.67
26,99.668
5780,99.666
3981,99.661
1463,99.656
1265,99.656
1574,99.648
6087,99.643
3898,99.643
1007,99.632
4414,99.614
1197,99.61
6713,99.6
4745,99.597
3742,99.595
3244,99.591
13,99.589
2710,99.585
6949,99.582
4684,99.58
1138,99.557
954,99.546
84,99.518
2440,99.515
82,99.507
141,99.504
2016,99.502
1480,99.495
3162,99.489
3321,99.484
3133,99.483
4760,99.473
6173,99.47
4120,99.467
1370,99.464
2468,99.458
2305,99.457
5580,99.455
655,99.447
1076,99.439
1349,99.431
4654,99.41
1856,99.387
1617,99.38
4877,99.378
5166,99.372
465,99.359
5194,99.354
5121,99.347
1589,99.341
3642,99.316
6034,99.313
4925,99.311
4381,99.305
6904,99.304
1276,99.292
5390,99.276
1482,99.275
3403,99.227
1618,99.221
2835,99.221
4757,99.203
81,99.195
3049,99.193
5937,99.188
6633,99.178
4472,99.164
1014,99.163
5354,99.157
3657,99.152
1576,99.143
4570,99.141
2711,99.136
4637,99.135
1266,99.134
2446,99.132
1372,99.122
5978,99.103
4807,99.101
722,99.101
1682,99.076
4504,99.075
2363,99.056
3670,99.047
5866,99.032
664,99.025
6842,99.012
630,99.011
6214,99.004
2482,99.003
7099,99.003
158,98.969
5843,98.968
5134,98.966
1172,98.964
1122,98.962
1622,98.956
1268,98.952
6997,98.939
1398,98.926
7032,98.922
3681,98.918
431,98.898
2599,98.897
1222,98.888
1153,98.875
4117,98.872
4500,98.87
6779,98.858
3130,98.85
1233,98.832
1185,98.82
2290,98.819
2990,98.804
7107,98.796
2511,98.792
1822,98.789
6139,98.783
3980,98.778
1470,98.774
3518,98.771
928,98.762
118,98.761
1578,98.751
6900,98.741
3054,98.741
7077,98.74
1992,98.74
2409,98.737
2099,98.725
4368,98.724
4177,98.718
1375,98.7
1373,98.699
5054,98.698
2222,98.685
3330,98.631
3486,98.629
6329,98.619
482,98.606
3384,98.603
2518,98.584
2636,98.51
5059,98.498
3302,98.486
6188,98.481
6909,98.48
5792,98.464
1560,98.452
2725,98.442
7044,98.434
1247,98.422
3520,98.422
4226,98.417
6198,98.395
2394,98.394
1993,98.386
1100,98.386
5520,98.384
3076,98.355
3126,98.346
2165,98.329
1734,98.318
1850,98.311
4331,98.303
5535,98.298
5470,98.296
2347,98.285
3840,98.268
2686,98.257
2613,98.236
1491,98.228
3506,98.221
3173,98.219
2388,98.211
5043,98.21
4521,98.199
3686,98.144
3435,98.135
1736,98.116
413,98.113
2095,98.112
5826,98.111
6081,98.111
3860,98.102
4616,98.096
1355,98.073
1415,98.069
3959,98.068
3425,98.063
7104,98.048
6585,98.019
3100,98.018
3488,98.017
2734,97.993
2600,97.978
5554,97.971
5153,97.97
1858,97.962
6801,97.958
2369,97.955
7101,97.954
42,97.953
3013,97.941
5711,97.938
1708,97.935
577,97.934
1278,97.92
5078,97.918
3224,97.913
3197,97.903
5472,97.889
5033,97.886
5256,97.853
6130,97.849
4582,97.848
5483,97.833
338,97.823
4498,97.817
4328,97.811
2585,97.804
6826,97.776
258,97.762
979,97.747
2428,97.742
1810,97.728
4311,97.728
3031,97.646
7066,97.633
4880,97.619
4418,97.617
3209,97.606
3576,97.59
1032,97.58
5834,97.568
1109,97.563
7055,97.562
5447,97.543
5574,97.541
3783,97.51
2227,97.492
2237,97.483
6694,97.451
1818,97.446
975,97.445
6552,97.442
6404,97.436
2278,97.421
1324,97.416
3676,97.415
5311,97.411
1170,97.399
5251,97.389
5217,97.385
1020,97.378
2335,97.357
2993,97.353
3664,97.343
4487,97.322
5514,97.271
6333,97.265
1351,97.259
2217,97.242
636,97.237
260,97.231
1098,97.229
6638,97.211
3044,97.186
5218,97.186
2135,97.185
2400,97.183
6766,97.18
7105,97.178
6940,97.167
3142,97.139
1672,97.139
5966,97.132
4708,97.117
3756,97.106
6811,97.088
2896,97.084
5621,97.065
6344,97.054
2645,97.041
2799,97.038
1563,97.022
1460,97.022
1665,97.009
6908,97.001
6442,96.981
5593,96.931
5533,96.922
4827,96.904
5216,96.902
6722,96.902
1847,96.883
6302,96.855
163,96.842
1016,96.831
1315,96.813
5428,96.806
1313,96.785
4067,96.777
2060,96.766
1348,96.764
6644,96.764
100,96.758
6495,96.729
1570,96.723
5101,96.699
5820,96.654
602,96.654
462,96.638
2855,96.62
2252,96.614
6408,96.599
3220,96.584
1271,96.577
6466,96.487
2184,96.484
6724,96.475
4000,96.47
5419,96.469
3608,96.451
5184,96.444
5002,96.441
3879,96.436
3357,96.422
4865,96.413
3746,96.402
3747,96.388
4724,96.371
5949,96.37
3272,96.367
1427,96.336
3056,96.299
1420,96.298
4392,96.297
3023,96.295
2456,96.283
6200,96.277
6424,96.277
4035,96.275
4350,96.273
2691,96.264
1745,96.228
4400,96.223
1214,96.214
3710,96.212
1202,96.211
5079,96.205
1863,96.175
3752,96.148
5733,96.133
2023,96.128
6531,96.111
3208,96.1
19,96.09
5699,96.06
4813,96.049
4228,96.034
355,96.027
3792,96.025
2198,96.019
2756,96.001
982,95.999
1329,95.978
18,95.975
1486,95.971
1190,95.962
4682,95.959
930,95.939
2737,95.938
2495,95.922
4314,95.912
5364,95.905
3463,95.886
6719,95.881
3712,95.88
4174,95.869
5241,95.862
6405,95.853
1204,95.828
3256,95.824
764,95.819
5202,95.817
873,95.783
2806,95.78
4087,95.765
2113,95.744
540,95.737
987,95.735
4446,95.72
1751,95.709
6907,95.689
756,95.683
653,95.65
1270,95.649
6377,95.641
996,95.641
5275,95.628
4893,95.625
5850,95.624
2987,95.622
4836,95.574
2209,95.571
4860,95.557
1979,95.554
6525,95.553
4594,95.537
2578,95.537
3153,95.527
2528,95.501
1167,95.478
4834,95.47
4290,95.466
1311,95.454
4109,95.451
4879,95.451
1381,95.45
2277,95.441
1609,95.426
1279,95.413
6229,95.412
6079,95.409
5565,95.384
33,95.384
622,95.379
6595,95.377
2978,95.365
4480,95.349
2079,95.335
1658,95.328
5283,95.327
1883,95.309
5529,95.292
6572,95.291
4275,95.281
6324,95.269
1430,95.262
3102,95.26
2917,95.245
217,95.205
345,95.2
3674,95.184
4460,95.176
5594,95.174
3154,95.158
640,95.156
1778,95.128
114,95.126
5713,95.121
30,95.108
240,95.096
1716,95.063
1786,95.063
4904,95.049
1196,95.033
610,95.031
4245,95.025
6804,95.025
4753,95.013
1052,94.987
1763,94.983
943,94.981
1422,94.978
4105,94.964
6677,94.964
4028,94.906
1391,94.901
1624,94.901
6716,94.875
6969,94.866
4158,94.851
4332,94.848
2843,94.824
5164,94.817
1111,94.804
7093,94.797
6581,94.786
3089,94.765
2499,94.76
6164,94.755
1410,94.753
3171,94.746
90,94.746
4613,94.742
1945,94.71
6776,94.708
5607,94.703
1188,94.679
1984,94.662
5477,94.646
5578,94.634
2563,94.625
2134,94.607
3424,94.605
6423,94.599
2050,94.589
6903,94.582
2928,94.564
4790,94.561
1074,94.559
3517,94.557
6824,94.553
5681,94.518
6920,94.503
830,94.502
4490,94.5
1771,94.492
5896,94.475
3722,94.474
1304,94.437
6630,94.428
6014,94.398
1113,94.395
1669,94.388
4272,94.344
5806,94.34
2342,94.339
1285,94.327
824,94.326
2107,94.293
1046,94.288
6551,94.195
1092,94.187
5677,94.185
1083,94.154
1062,94.125
2029,94.112
6974,94.03
2655,94.028
122,94.022
3265,94.019
2961,94.018
290,94.017
826,94.013
2942,94.001
1683,93.995
3094,93.978
2628,93.974
4204,93.941
6314,93.93
985,93.928
3111,93.922
2182,93.906
2918,93.901
4898,93.845
4440,93.831
2792,93.827
126,93.818
6284,93.806
6172,93.804
4089,93.803
1403,93.798
4118,93.796
3795,93.795
1408,93.793
3776,93.761
1054,93.744
964,93.725
6550,93.705
432,93.704
1449,93.698
4914,93.688
1171,93.686
6603,93.684
3678,93.655
6674,93.651
2817,93.64
6394,93.618
2932,93.611
50,93.609
6024,93.607
2143,93.603
4871,93.589
6966,93.564
6834,93.543
1397,93.541
3887,93.532
5252,93.528
3393,93.521
1064,93.505
5944,93.491
1388,93.491
3024,93.472
3343,93.463
2950,93.458
3334,93.449
5193,93.394
1295,93.391
1583,93.389
4610,93.376
1008,93.367
2544,93.367
4449,93.364
2808,93.351
2415,93.343
1424,93.336
3041,93.327
1248,93.324
4223,93.322
5317,93.298
633,93.296
1975,93.263
2207,93.253
5171,93.251
1086,93.201
1619,93.165
2004,93.165
2647,93.161
6963,93.161
1146,93.151
6708,93.15
2510,93.146
1448,93.137
3855,93.114
4012,93.094
1412,93.077
916,93.062
1183,93.06
3466,93.059
3514,93.051
3927,93.05
1,93.047
1406,93.045
6775,93.041
3360,93.027
1194,93.022
2039,93.014
1321,93.012
4583,93.003
6129,92.992
6092,92.987
1859,92.982
6430,92.977
228,92.951
4685,92.94
2085,92.933
6789,92.905
5442,92.903
937,92.89
974,92.888
562,92.851
1186,92.851
1301,92.845
1026,92.84
3600,92.838
984,92.832
2687,92.827
4816,92.824
1382,92.824
1312,92.82
7040,92.817
1065,92.812
1239,92.806
1049,92.801
1037,92.796
781,92.795
1096,92.793
1181,92.793
935,92.793
948,92.793
958,92.793
969,92.793
976,92.793
980,92.793
1003,92.793
1010,92.793
1021,92.793
1029,92.793
1038,92.793
1044,92.793
1053,92.793
1058,92.793
1061,92.793
1069,92.793
1070,92.793
1071,92.793
1077,92.793
1091,92.793
1101,92.793
1110,92.793
1119,92.793
1131,92.793
1135,92.793
1152,92.793
1154,92.793
1157,92.793
1158,92.793
1169,92.793
1178,92.793
1180,92.793
1201,92.793
1206,92.793
1212,92.793
1238,92.793
1240,92.793
1251,92.793
1257,92.793
1264,92.793
1273,92.793
1280,92.793
1283,92.793
1289,92.793
1292,92.793
1314,92.793
1318,92.793
1322,92.793
1327,92.793
1332,92.793
1334,92.793
1345,92.793
1352,92.793
1356,92.793
1364,92.793
1378,92.793
1392,92.793
1411,92.793
1120,92.791
1066,92.789
1404,92.784
6279,92.783
4106,92.773
981,92.772
1056,92.768
6331,92.766
1350,92.764
6003,92.762
1177,92.76
1296,92.758
1325,92.75
939,92.737
1143,92.736
1342,92.719
5895,92.709
1402,92.68
1175,92.67
1256,92.668
971,92.664
1094,92.656
972,92.654
5160,92.642
983,92.627
1088,92.622
3851,92.6
7114,92.581
1366,92.578
1039,92.562
1078,92.558
230,92.547
2974,92.541
1990,92.535
6886,92.528
1253,92.499
4994,92.496
2321,92.494
6343,92.45
5061,92.449
2915,92.437
973,92.423
2480,92.421
3910,92.408
2800,92.406
1824,92.401
3193,92.363
4354,92.35
3987,92.339
1308,92.335
3578,92.325
3082,92.324
2648,92.323
2256,92.316
7023,92.297
4849,92.296
733,92.284
5852,92.283
4602,92.274
177,92.258
4486,92.243
4082,92.23
1687,92.208
6510,92.181
5718,92.178
5936,92.163
1677,92.127
5125,92.119
881,92.092
2112,92.092
229,92.088
5809,92.082
5585,91.976
1636,91.955
1385,91.942
3191,91.938
4688,91.938
1244,91.934
212,91.909
2926,91.9
712,91.886
3602,91.86
6578,91.858
3376,91.85
6264,91.844
5068,91.822
2596,91.819
4464,91.794
62,91.786
2075,91.782
5771,91.763
442,91.76
1040,91.753
1019,91.752
5840,91.741
3635,91.738
6640,91.731
5322,91.723
4467,91.71
4478,91.706
6000,91.682
2149,91.674
220,91.656
2078,91.648
4069,91.647
3862,91.637
3091,91.632
5352,91.628
3064,91.616
1291,91.614
4123,91.586
38,91.583
3358,91.576
5226,91.555
2514,91.548
4630,91.53
6178,91.526
898,91.515
5308,91.504
3326,91.485
6918,91.465
1444,91.419
6008,91.417
919,91.415
4563,91.397
6251,91.381
2380,91.379
1705,91.339
1556,91.332
3946,91.324
6604,91.322
1439,91.32
6468,91.309
3609,91.305
4647,91.286
3290,91.275
5302,91.272
6608,91.27
6725,91.256
1588,91.219
1722,91.213
1341,91.201
5793,91.193
1714,91.192
571,91.19
2413,91.177
6527,91.174
3166,91.167
2658,91.121
4796,91.1
2938,91.092
4823,91.088
1435,91.087
6896,91.083
464,91.074
2653,91.068
5590,91.042
5408,91.04
7047,91.036
5640,90.994
904,90.981
3555,90.979
5875,90.934
776,90.93
1357,90.927
1558,90.899
769,90.899
810,90.895
2148,90.882
4955,90.877
5425,90.873
4298,90.858
3650,90.856
2552,90.807
1845,90.807
3842,90.807
5259,90.782
6384,90.769
5473,90.767
1234,90.763
89,90.745
3574,90.696
3828,90.672
1434,90.645
5089,90.645
344,90.639
2298,90.633
3780,90.619
3479,90.611
2547,90.593
6318,90.588
2067,90.586
445,90.581
2460,90.569
1776,90.562
7098,90.557
4357,90.555
1108,90.548
4364,90.533
3348,90.528
1503,90.524
3827,90.515
5271,90.508
6715,90.491
942,90.486
5920,90.482
3704,90.472
6224,90.468
4316,90.447
5304,90.437
6287,90.423
3176,90.416
58,90.386
3656,90.365
4876,90.357
6295,90.343
5813,90.34
4380,90.327
2667,90.319
1656,90.306
6663,90.299
4456,90.287
5516,90.285
4861,90.264
6957,90.251
5006,90.22
3316,90.213
6898,90.204
116,90.191
6892,90.189
364,90.177
3688,90.159
3351,90.151
3687,90.135
6812,90.121
6102,90.117
4863,90.066
2311,90.036
6176,90.036
5832,90.027
908,90.022
3754,90.02
6868,90.006
1535,89.994
6695,89.99
4319,89.983
4307,89.977
3015,89.944
5265,89.941
1531,89.92
5976,89.873
3195,89.866
2704,89.848
6409,89.841
326,89.824
3482,89.822
3253,89.806
372,89.805
6483,89.801
4398,89.801
2329,89.783
2420,89.745
1565,89.742
2609,89.736
5521,89.733
2379,89.661
3870,89.644
4060,89.63
3451,89.617
6006,89.593
6373,89.558
4159,89.557
1649,89.553
76,89.527
2097,89.517
298,89.515
2441,89.507
3016,89.488
884,89.47
4189,89.466
6879,89.403
2594,89.402
3237,89.399
4304,89.392
5276,89.391
2608,89.383
5278,89.366
2580,89.352
3098,89.344
3730,89.341
4658,89.339
2124,89.323
6937,89.282
5784,89.282
946,89.276
4909,89.271
4737,89.271
5154,89.266
6281,89.258
5682,89.217
2605,89.215
3649,89.212
5303,89.196
5946,89.18
2196,89.159
5687,89.156
3689,89.156
687,89.146
1639,89.142
2169,89.133
786,89.108
443,89.088
207,89.08
4296,89.065
403,89.055
5670,89.051
3564,89.051
5972,89.036
1764,89.025
1977,89.008
4494,88.999
7005,88.97
5725,88.924
5469,88.905
3034,88.893
466,88.893
2233,88.89
1272,88.89
6195,88.878
159,88.874
4686,88.86
6371,88.845
5930,88.844
4369,88.834
5559,88.823
5169,88.783
6689,88.778
4747,88.776
7068,88.774
5617,88.765
7057,88.761
2464,88.757
5401,88.755
1518,88.748
6352,88.726
6163,88.707
6642,88.705
317,88.642
2028,88.638
3469,88.613
6699,88.609
3709,88.604
5758,88.598
5277,88.593
6592,88.591
91,88.581
2625,88.579
2586,88.579
896,88.576
2044,88.571
2744,88.568
1057,88.536
1468,88.522
3784,88.494
128,88.466
5675,88.465
2465,88.463
5268,88.46
5049,88.456
6764,88.448
4818,88.448
4916,88.444
1791,88.44
4322,88.438
5810,88.435
6301,88.426
6856,88.418
2572,88.408
909,88.371
4128,88.363
6970,88.354
3841,88.353
2407,88.345
2694,88.304
978,88.298
3975,88.274
3519,88.272
4402,88.258
2133,88.239
5770,88.232
3194,88.232
5291,88.209
4884,88.197
4507,88.195
3560,88.191
4344,88.185
6855,88.179
2615,88.162
2422,88.159
6781,88.143
2378,88.143
3797,88.138
4303,88.121
1226,88.091
4416,88.088
3174,88.086
2874,88.069
6767,88.069
6979,88.064
3345,88.034
6071,88.013
6967,88.008
3726,87.993
474,87.984
6683,87.967
7028,87.965
133,87.951
2977,87.935
179,87.93
4042,87.928
6334,87.916
1481,87.913
1627,87.911
5921,87.9
2939,87.896
753,87.879
7045,87.872
3398,87.864
5399,87.861
4508,87.839
3759,87.838
6560,87.837
3006,87.832
3684,87.83
5289,87.815
1507,87.803
6915,87.792
1284,87.789
6074,87.786
4749,87.777
2846,87.769
5655,87.752
4531,87.743
5480,87.739
1925,87.723
2105,87.72
1419,87.7
288,87.691
5369,87.688
6374,87.657
4988,87.634
1568,87.633
829,87.616
6583,87.595
669,87.595
3647,87.591
2114,87.582
6876,87.573
1869,87.56
5263,87.549
6407,87.539
2442,87.514
1084,87.51
2597,87.508
1275,87.498
1626,87.478
2481,87.471
6203,87.465
5220,87.445
475,87.413
6445,87.377
4683,87.375
1934,87.37
511,87.367
4413,87.363
1733,87.355
3181,87.332
4367,87.327
6613,87.322
7123,87.322
959,87.306
3993,87.29
2504,87.262
5340,87.257
5020,87.248
1917,87.244
6827,87.207
143,87.199
2550,87.197
6452,87.177
5977,87.156
6619,87.147
2678,87.146
1594,87.14
2845,87.125
4222,87.112
4771,87.103
6447,87.09
4420,87.062
5887,87.053
2019,87.051
1698,87.044
5586,87.026
923,87.014
4564,86.958
4953,86.947
4390,86.944
1579,86.936
1623,86.936
3554,86.927
5661,86.919
4309,86.899
272,86.896
2581,86.894
4196,86.891
5464,86.878
5167,86.868
4321,86.864
5474,86.852
1866,86.848
1813,86.839
428,86.836
4917,86.823
2675,86.813
5087,86.811
4932,86.798
167,86.792
4973,86.761
1505,86.729
3128,86.709
1746,86.705
6894,86.677
2188,86.659
4592,86.652
2427,86.621
4787,86.607
4397,86.601
4340,86.593
4391,86.572
1842,86.556
4774,86.555
3059,86.53
5325,86.517
4232,86.502
2933,86.451
3914,86.446
417,86.441
3723,86.422
5893,86.416
5643,86.403
6935,86.396
6639,86.394
1744,86.37
5587,86.356
3614,86.34
3615,86.337
6668,86.334
7071,86.318
6701,86.291
5482,86.27
2684,86.269
6792,86.264
1590,86.223
325,86.223
278,86.197
3961,86.184
1081,86.164
2462,86.162
4931,86.154
4435,86.153
4852,86.15
563,86.144
6378,86.139
2483,86.124
4795,86.122
5899,86.117
4785,86.116
7065,86.114
6544,86.11
5768,86.104
1703,86.087
5788,86.083
5865,86.071
1773,86.063
6720,85.997
2141,85.994
5359,85.988
389,85.988
4971,85.955
3370,85.908
3409,85.892
1768,85.857
6463,85.848
1638,85.842
2729,85.839
6536,85.837
3346,85.831
6457,85.83
1555,85.817
1772,85.777
6395,85.74
6774,85.738
4901,85.724
1915,85.72
1440,85.714
2685,85.713
3444,85.7
6259,85.686
3786,85.682
6628,85.652
5518,85.631
4300,85.618
2902,85.614
1769,85.61
5671,85.59
6956,85.578
5985,85.567
5435,85.54
731,85.533
2909,85.529
6822,85.5
3833,85.492
3890,85.478
3522,85.452
5764,85.438
4330,85.415
3648,85.41
5234,85.383
2202,85.374
6349,85.367
849,85.366
6013,85.361
3079,85.336
4349,85.33
2753,85.326
6750,85.326
3160,85.319
4430,85.315
5552,85.297
5141,85.29
6288,85.267
3012,85.266
5606,85.257
6041,85.244
6084,85.241
4004,85.234
5088,85.234
6965,85.223
2010,85.219
6576,85.21
1099,85.198
380,85.176
134,85.173
1277,85.167
3893,85.14
6113,85.128
2417,85.124
6987,85.113
3438,85.11
130,85.083
5415,85.082
6678,85.072
3605,85.064
6504,85.061
5759,85.055
5339,85.049
6321,85.02
3328,85.004
4143,84.991
606,84.989
319,84.988
5205,84.986
2634,84.965
3760,84.961
5776,84.891
3871,84.877
3867,84.854
3282,84.828
6950,84.823
5186,84.815
4728,84.811
24,84.811
4729,84.81
1571,84.809
1910,84.803
6222,84.795
4765,84.789
5295,84.779
5914,84.742
5108,84.733
3823,84.695
3594,84.683
1294,84.682
6317,84.68
4338,84.67
661,84.666
1612,84.646
7120,84.633
550,84.629
4702,84.626
5029,84.625
180,84.617
6883,84.615
6809,84.599
4431,84.595
279,84.588
6149,84.584
5888,84.577
5628,84.569
1161,84.56
821,84.552
1137,84.552
3456,84.54
646,84.538
3078,84.536
3050,84.524
7074,84.503
3568,84.479
6765,84.477
5575,84.454
6747,84.448
4972,84.419
2122,84.406
4768,84.402
2832,84.362
5301,84.334
3685,84.333
2024,84.325
4463,84.284
3362,84.283
2450,84.276
3852,84.25
6183,84.246
4061,84.24
2908,84.236
2571,84.221
4138,84.201
5156,84.197
6109,84.195
6265,84.194
6871,84.192
2426,84.183
6773,84.155
2920,84.128
6518,84.094
4534,84.091
120,84.088
7080,84.083
4614,84.072
5200,84.061
4409,84.056
2964,84.044
4016,84.027
3633,84.025
5782,84.022
2980,84
4217,83.998
5883,83.973
6427,83.961
4556,83.96
1693,83.947
544,83.944
6927,83.941
5262,83.924
4410,83.922
3618,83.908
3433,83.904
1575,83.897
2732,83.896
5457,83.892
3327,83.881
5434,83.859
4140,83.836
5119,83.797
6231,83.78
5248,83.719
3066,83.714
623,83.699
6561,83.669
1231,83.666
3164,83.661
3515,83.654
4070,83.646
3439,83.643
3312,83.637
6658,83.636
4261,83.628
5441,83.619
59,83.61
2545,83.609
3882,83.595
6627,83.589
4034,83.577
6998,83.566
3837,83.557
1865,83.556
4074,83.551
3904,83.547
6312,83.534
3599,83.518
2705,83.517
2912,83.501
5708,83.496
2317,83.492
4805,83.484
3022,83.473
3473,83.461
6514,83.457
6959,83.45
4345,83.441
1663,83.432
4013,83.403
5577,83.389
3637,83.386
5637,83.381
2924,83.371
2408,83.368
2960,83.362
2847,83.348
4690,83.347
3129,83.336
5663,83.302
4868,83.287
920,83.266
124,83.259
4793,83.247
6971,83.236
6057,83.229
4103,83.203
6653,83.179
2325,83.163
3952,83.156
4102,83.136
6091,83.128
5245,83.124
6011,83.103
173,83.102
3526,83.099
4621,83.059
3123,83.04
3180,83.035
5028,83.031
1835,83.03
4605,82.988
5692,82.986
2405,82.98
992,82.971
5571,82.966
538,82.943
2954,82.93
2214,82.929
4279,82.924
5839,82.919
4786,82.909
1697,82.878
4669,82.858
4375,82.847
5398,82.832
6185,82.818
4249,82.818
6360,82.814
3502,82.811
3443,82.807
2302,82.8
5603,82.797
6532,82.783
2668,82.775
6962,82.767
299,82.764
3999,82.758
4475,82.755
3547,82.751
2475,82.744
1645,82.736
1894,82.729
1017,82.729
318,82.727
2703,82.724
1870,82.666
2193,82.654
3423,82.638
1581,82.615
2967,82.613
5249,82.607
6982,82.598
5515,82.598
6367,82.585
5096,82.584
5664,82.566
43,82.555
5668,82.554
1718,82.545
3779,82.545
6845,82.524
4891,82.523
6742,82.522
2387,82.478
2997,82.473
6372,82.458
2775,82.45
2914,82.448
1118,82.443
7024,82.439
1652,82.415
4116,82.375
3691,82.373
843,82.371
4018,82.357
1699,82.356
2173,82.342
3708,82.34
4334,82.318
5404,82.275
4114,82.267
4727,82.267
3864,82.246
7106,82.19
107,82.175
3787,82.166
4195,82.157
6641,82.135
3782,82.133
3490,82.131
3861,82.111
611,82.1
6602,82.091
5700,82.085
324,82.076
4133,82.069
2679,82.054
2476,82.032
1546,82.017
520,81.98
5065,81.976
5656,81.961
3548,81.951
5414,81.942
1647,81.929
4297,81.921
4523,81.911
5269,81.909
1950,81.906
2970,81.896
6256,81.844
6082,81.842
5523,81.834
6470,81.818
3700,81.803
6025,81.732
5753,81.718
4908,81.707
2489,81.695
3291,81.694
6706,81.679
5072,81.637
4552,81.612
6073,81.59
2432,81.58
1496,81.569
4387,81.564
3512,81.557
2620,81.536
3101,81.536
867,81.52
4713,81.497
4301,81.495
4003,81.492
3948,81.481
2502,81.477
6599,81.46
6220,81.455
6922,81.454
2089,81.443
7092,81.436
3945,81.422
1724,81.418
1163,81.412
3007,81.398
1613,81.383
6832,81.355
4424,81.347
739,81.329
6661,81.324
5396,81.303
6818,81.3
4910,81.293
5493,81.266
7116,81.253
1930,81.249
6209,81.224
6411,81.214
2381,81.2
6587,81.194
6673,81.194
545,81.166
2864,81.164
5127,81.137
4050,81.114
1223,81.11
4194,81.096
5296,81.09
5244,81.079
4579,81.06
5947,81.051
4206,81.027
4193,81.018
5230,81.015
5432,81.014
1872,81
2111,80.971
5731,80.944
4524,80.935
7054,80.915
1358,80.915
327,80.913
3822,80.912
1611,80.91
3498,80.901
2192,80.885
7082,80.881
3478,80.87
552,80.853
7060,80.852
3589,80.814
6496,80.814
1914,80.81
1921,80.796
5557,80.791
6524,80.783
4942,80.779
3116,80.772
4926,80.742
5693,80.736
3293,80.706
3899,80.705
2601,80.701
4648,80.701
4471,80.697
5638,80.656
169,80.642
2473,80.642
993,80.64
2701,80.635
3263,80.62
6731,80.608
5243,80.604
472,80.593
5014,80.59
1465,80.579
7102,80.576
6667,80.56
4691,80.55
455,80.546
4875,80.542
3295,80.538
313,80.529
2104,80.527
3533,80.527
720,80.497
2244,80.495
4098,80.491
6248,80.48
7081,80.473
594,80.473
2176,80.456
2925,80.455
7019,80.41
5525,80.404
3561,80.401
4593,80.39
365,80.385
2273,80.371
6397,80.341
200,80.34
6396,80.327
6948,80.324
6313,80.324
4495,80.312
6803,80.279
6591,80.272
1936,80.264
3939,80.258
7117,80.249
3960,80.236
5190,80.23
1441,80.223
3381,80.22
6610,80.216
6547,80.206
5802,80.191
6491,80.181
235,80.179
2225,80.163
3399,80.155
2516,80.149
135,80.138
1920,80.138
5460,80.119
2838,80.087
4792,80.083
4154,80.076
4257,80.061
4395,80.023
7103,80.022
3540,80.008
5778,80.003
4660,79.969
2758,79.948
121,79.948
6819,79.94
6481,79.908
4695,79.891
6017,79.89
5844,79.867
6004,79.866
3240,79.854
1731,79.825
4558,79.809
6734,79.799
6189,79.781
4803,79.78
6125,79.761
6403,79.713
5928,79.679
7091,79.674
1956,79.674
5007,79.667
3876,79.652
3052,79.65
709,79.612
2670,79.603
6500,79.59
3495,79.553
2965,79.547
5099,79.536
2430,79.509
2937,79.509
3337,79.457
3912,79.456
6010,79.453
5310,79.433
4881,79.424
848,79.419
2787,79.418
4986,79.411
3152,79.383
243,79.35
3124,79.346
3983,79.317
6117,79.316
4509,79.302
6379,79.294
2890,79.293
2320,79.29
1919,79.271
6044,79.251
2881,79.226
4851,79.219
4185,79.196
4291,79.176
61,79.16
4255,79.128
5484,79.127
962,79.125
2972,79.122
5573,79.11
2602,79.072
1599,79.067
1472,79.055
2617,79.051
6090,79.05
3494,79.049
4989,79.021
6413,79.014
4258,78.967
5389,78.965
808,78.962
3325,78.936
4966,78.926
6936,78.914
5242,78.907
7121,78.898
3086,78.89
1770,78.854
3593,78.853
3807,78.849
2963,78.835
5471,78.832
3979,78.827
2211,78.827
115,78.825
5798,78.819
6012,78.815
1854,78.805
2919,78.804
888,78.783
3835,78.762
1458,78.745
3020,78.721
2595,78.711
92,78.689
1712,78.687
2102,78.684
5746,78.683
6606,78.677
2070,78.666
2546,78.649
489,78.633
3620,78.622
2459,78.608
2338,78.607
5620,78.605
2259,78.59
5229,78.583
1562,78.568
2877,78.553
6533,78.535
3431,78.531
67,78.517
4992,78.492
5541,78.491
1193,78.481
2708,78.447
517,78.442
3289,78.439
5748,78.434
1328,78.429
5945,78.407
4726,78.402
4941,78.397
3819,78.36
3284,78.357
4496,78.328
2774,78.298
4689,78.271
3372,78.266
4412,78.243
3744,78.227
4752,78.221
265,78.202
6881,78.184
4770,78.176
1695,78.173
3480,78.146
1873,78.116
3714,78.101
4465,78.095
6505,78.089
5605,78.085
5910,78.085
5969,78.085
3460,78.073
5635,78.071
5750,78.067
1633,78.05
1898,78.033
6548,78.025
2738,78.016
2086,77.982
5429,77.957
484,77.951
2239,77.942
195,77.92
5343,77.911
5157,77.9
3114,77.897
3972,77.887
2336,77.886
1399,77.869
6336,77.858
368,77.849
6032,77.845
5239,77.827
456,77.79
1386,77.776
3363,77.761
5538,77.754
6622,77.734
1954,77.71
6390,77.709
6471,77.706
4769,77.703
1740,77.699
3011,77.68
4659,77.677
1893,77.665
2001,77.662
2971,77.662
5034,77.651
5039,77.641
5505,77.63
6893,77.63
3165,77.628
4059,77.625
1595,77.591
3419,77.549
4939,77.545
1879,77.533
2559,77.524
6494,77.517
5261,77.512
1566,77.5
3856,77.476
5845,77.473
6800,77.454
3729,77.421
5375,77.39
5080,77.388
1951,77.369
3772,77.339
3172,77.327
5730,77.324
4651,77.315
3638,77.313
662,77.275
2326,77.258
6080,77.251
3672,77.251
4903,77.25
1719,77.241
6670,77.235
3611,77.214
721,77.21
2659,77.208
3775,77.205
1691,77.2
4127,77.194
4841,77.189
6910,77.179
3707,77.107
5967,77.081
4819,77.065
5729,77.03
4778,77.029
4977,77.025
6417,77.006
6864,77.001
5150,76.984
4944,76.97
5155,76.95
1409,76.942
3821,76.935
3521,76.928
4811,76.919
6992,76.901
7013,76.9
1559,76.885
5669,76.882
3186,76.875
6825,76.867
2316,76.857
1792,76.844
2025,76.832
5512,76.819
5706,76.804
1783,76.796
256,76.782
125,76.781
5986,76.767
2250,76.761
2005,76.757
3301,76.729
168,76.727
2561,76.724
5100,76.711
5933,76.699
460,76.699
2315,76.684
4378,76.677
4732,76.671
1660,76.66
5644,76.64
6266,76.617
5686,76.614
4411,76.598
5979,76.596
6521,76.59
5250,76.588
865,76.571
208,76.558
4215,76.556
6127,76.553
4606,76.526
72,76.518
5363,76.511
5600,76.508
1738,76.487
5658,76.474
4006,76.469
5466,76.453
4864,76.444
5476,76.439
402,76.438
261,76.409
968,76.404
6144,76.388
3355,76.387
5274,76.385
3881,76.382
4518,76.352
95,76.349
3902,76.348
1216,76.344
6757,76.295
2871,76.268
512,76.258
6821,76.253
6837,76.24
1484,76.217
6237,76.204
3227,76.199
918,76.196
2292,76.193
925,76.191
304,76.189
3416,76.166
2614,76.142
596,76.13
6953,76.115
4271,76.085
1426,76.044
2284,76.044
6921,76.025
568,76.013
4243,76.012
5524,76.01
3949,76.006
2813,76
6268,75.99
5847,75.986
2098,75.967
555,75.958
4068,75.94
7097,75.919
2411,75.918
6835,75.916
5185,75.904
6381,75.887
1804,75.882
6089,75.814
1944,75.81
1569,75.808
2309,75.806
1987,75.796
87,75.794
1510,75.748
6739,75.724
2922,75.703
6325,75.7
17,75.666
473,75.66
2747,75.613
1972,75.607
7108,75.6
7056,75.57
1940,75.547
5260,75.543
2087,75.529
6866,75.482
7020,75.474
2180,75.474
7006,75.471
3699,75.466
5504,75.453
5063,75.437
45,75.431
2870,75.423
4492,75.421
2842,75.407
6208,75.396
3534,75.363
2672,75.359
5116,75.349
2569,75.345
5846,75.337
3388,75.326
4242,75.303
4657,75.3
4085,75.269
4560,75.264
285,75.256
3379,75.246
6037,75.241
6790,75.23
6823,75.222
3028,75.202
4444,75.177
7094,75.173
3590,75.166
4832,75.145
1079,75.129
2638,75.117
2172,75.106
2583,75.093
2931,75.083
2716,75.076
5657,75.057
3597,75.05
3273,75.05
6187,75.048
3185,75.045
527,75.043
4088,75.035
3869,75.031
680,75.003
2109,74.978
6180,74.974
6145,74.96
3716,74.876
1723,74.814
652,74.806
5830,74.802
3269,74.8
998,74.791
1608,74.789
2973,74.761
3483,74.757
4741,74.733
315,74.711
4419,74.68
3645,74.673
5201,74.645
4119,74.643
2295,74.638
3167,74.634
2587,74.627
5536,74.626
5723,74.612
6439,74.595
7111,74.565
4963,74.521
1730,74.51
3090,74.503
339,74.502
2037,74.5
1025,74.497
6022,74.472
4575,74.428
6780,74.426
2699,74.414
5779,74.395
5572,74.393
689,74.391
1802,74.39
5917,74.387
5804,74.379
597,74.369
5103,74.351
4305,74.334
1782,74.268
5858,74.265
3196,74.258
4264,74.242
3572,74.236
311,74.213
671,74.207
2540,74.2
6735,74.193
429,74.191
4386,74.187
1615,74.175
2175,74.152
2868,74.144
5622,74.14
5631,74.116
375,74.09
2358,74.076
5060,74.075
6096,74.017
3769,74.013
1586,73.976
2064,73.97
4263,73.968
1801,73.966
205,73.956
549,73.954
2821,73.949
6098,73.932
374,73.904
5320,73.891
4619,73.877
7069,73.859
5799,73.842
502,73.837
1852,73.829
3737,73.804
3412,73.788
2840,73.749
5871,73.746
4848,73.746
4033,73.738
3503,73.713
3198,73.672
4491,73.647
2910,73.643
3286,73.586
3005,73.56
3266,73.556
2568,73.549
5913,73.533
1642,73.513
1262,73.505
6975,73.486
3447,73.479
1851,73.474
5665,73.466
4176,73.453
4146,73.442
2715,73.4
5766,73.398
3462,73.394
4248,73.383
4599,73.369
6358,73.358
4968,73.351
1607,73.349
6363,73.346
3985,73.337
812,73.334
3516,73.325
4699,73.314
4957,73.303
6051,73.272
4981,73.272
249,73.27
1739,73.264
149,73.24
2168,73.231
6556,73.224
6594,73.217
3675,73.217
401,73.211
5707,73.203
352,73.189
6292,73.182
1688,73.176
1853,73.173
5905,73.166
2570,73.136
6652,73.128
6046,73.125
5510,73.118
3790,73.112
359,73.108
913,73.107
2598,73.093
537,73.083
5366,73.073
3584,73.061
6335,73.037
2162,73.031
2370,73.03
6432,73.029
634,73.016
6100,73.011
804,72.99
7022,72.963
2066,72.942
3203,72.932
6083,72.882
5562,72.879
3179,72.844
4721,72.821
5236,72.794
4347,72.776
4744,72.74
5197,72.714
4859,72.709
2425,72.669
580,72.668
7043,72.666
5440,72.648
2472,72.645
5513,72.639
5740,72.608
4485,72.601
658,72.59
4292,72.583
6817,72.573
4739,72.554
1948,72.547
3738,72.535
6291,72.52
6718,72.492
3341,72.412
5326,72.385
5215,72.377
5570,72.356
6616,72.354
5368,72.329
4110,72.308
6519,72.306
2049,72.286
5608,72.281
2664,72.276
4388,72.265
3751,72.263
3692,72.262
2669,72.259
5427,72.254
2327,72.254
1932,72.237
6421,72.223
7109,72.218
6889,72.212
4170,72.192
5553,72.191
4057,72.164
5027,72.16
3942,72.141
1750,72.107
2018,72.096
4762,72.095
2680,72.095
1174,72.093
2478,72.055
4997,72.051
4700,72.007
162,71.996
929,71.976
6128,71.966
3257,71.938
3277,71.937
1819,71.917
2261,71.913
3149,71.893
1941,71.876
5385,71.867
3084,71.864
3529,71.855
2834,71.835
2517,71.831
6300,71.827
6308,71.826
5170,71.825
2452,71.807
192,71.796
3095,71.787
165,71.785
5561,71.753
5943,71.749
6443,71.725
3507,71.724
4922,71.698
3125,71.675
160,71.675
5629,71.64
569,71.63
6540,71.625
4462,71.591
2486,71.591
2886,71.589
3659,71.529
1966,71.523
2793,71.512
7090,71.505
6854,71.498
4940,71.494
3205,71.475
4550,71.46
615,71.447
3391,71.441
6656,71.406
1502,71.406
2059,71.404
1635,71.37
3957,71.366
287,71.351
5179,71.341
6994,71.339
523,71.317
4407,71.309
4915,71.3
7050,71.29
2324,71.279
911,71.277
5745,71.249
6748,71.242
1787,71.238
4545,71.232
1661,71.221
320,71.211
5486,71.161
7073,71.149
654,71.132
2640,71.131
2072,71.127
2642,71.127
4780,71.126
3496,71.093
349,71.09
6831,71.083
4847,71.071
1942,71.03
5743,71.024
5860,70.983
6052,70.959
6853,70.933
3127,70.931
3177,70.924
3718,70.923
4253,70.908
5328,70.907
677,70.881
5872,70.87
2181,70.849
3897,70.836
551,70.832
343,70.817
3430,70.798
6520,70.791
2118,70.785
3853,70.784
4510,70.763
6618,70.754
4077,70.735
4899,70.73
3410,70.71
6410,70.69
5961,70.676
4015,70.663
4343,70.66
922,70.654
6955,70.645
3653,70.642
5789,70.63
3472,70.628
6577,70.627
6537,70.62
4266,70.575
5624,70.57
5235,70.565
6565,70.562
4883,70.551
1900,70.5
2108,70.496
6828,70.475
6538,70.468
2861,70.417
4063,70.348
5874,70.344
4214,70.331
3601,70.313
5941,70.31
3613,70.267
5438,70.237
3550,70.182
3891,70.176
4825,70.156
2471,70.152
4633,70.135
751,70.128
1634,70.126
5148,70.07
5356,70.056
68,70.041
5683,70.02
6171,70.019
510,70.017
2958,70.011
2398,70.005
294,69.962
2887,69.957
3958,69.955
642,69.941
2769,69.925
3270,69.921
2000,69.919
4477,69.902
2466,69.901
2074,69.871
2349,69.86
3340,69.842
393,69.841
4974,69.796
1200,69.771
6156,69.771
6836,69.77
5760,69.766
5451,69.765
6289,69.757
171,69.724
6121,69.712
3008,69.709
4629,69.705
4339,69.704
3655,69.695
579,69.686
3682,69.648
715,69.615
3242,69.579
2831,69.525
7025,69.518
1690,69.49
259,69.488
595,69.481
4572,69.474
734,69.369
2045,69.359
4687,69.355
1928,69.351
6758,69.325
5502,69.323
6364,69.312
174,69.304
4101,69.255
5938,69.251
809,69.246
4038,69.244
5694,69.225
3848,69.212
5807,69.192
2791,69.181
1785,69.173
4326,69.172
4295,69.151
334,69.15
6131,69.132
4772,69.129
3621,69.126
6035,69.123
6327,69.079
7014,69.07
6273,69.058
1616,69.033
4710,69.025
5407,69
3915,68.969
28,68.955
6944,68.947
2741,68.886
2403,68.878
2026,68.873
5437,68.86
1918,68.853
3491,68.824
7112,68.817
529,68.8
3878,68.779
3365,68.776
1650,68.758
4086,68.757
2361,68.751
6453,68.751
3446,68.743
2219,68.697
2296,68.691
4584,68.655
4244,68.63
3414,68.609
330,68.579
181,68.576
2894,68.542
5756,68.533
4612,68.502
4406,68.5
1018,68.455
6733,68.439
4671,68.437
3906,68.41
170,68.403
4911,68.361
1973,68.355
3221,68.337
3762,68.336
5539,68.3
2604,68.292
736,68.271
6270,68.222
3364,68.189
5785,68.188
1767,68.178
161,68.162
5094,68.159
4092,68.15
6509,68.066
1476,68.041
1128,68.017
4907,68.016
2982,68.013
5534,68.008
4161,67.977
2635,67.953
426,67.928
3761,67.921
3119,67.912
155,67.91
199,67.896
3757,67.828
7072,67.816
378,67.784
5816,67.768
2626,67.762
2253,67.76
4586,67.74
2251,67.727
6933,67.713
4527,67.677
7128,67.671
4603,67.662
2869,67.646
3765,67.632
4382,67.608
5781,67.604
5293,67.587
6290,67.573
5225,67.51
4341,67.507
6672,67.505
6794,67.492
1041,67.468
2266,67.444
955,67.442
2766,67.439
360,67.439
5069,67.39
6512,67.389
6995,67.383
5312,67.286
4048,67.274
1249,67.261
779,67.228
172,67.215
224,67.193
2717,67.168
7113,67.167
4831,67.157
7003,67.136
1937,67.131
940,67.122
6912,67.102
5132,67.097
1817,67.069
4473,67.053
3468,67.029
1897,67.025
3349,67.01
2240,66.993
5765,66.981
6267,66.967
6752,66.928
3336,66.908
5450,66.903
398,66.887
3260,66.871
6636,66.83
5876,66.828
233,66.787
4191,66.779
1400,66.711
2503,66.692
6285,66.655
6104,66.628
5416,66.578
2328,66.569
4009,66.569
6356,66.569
461,66.564
4007,66.564
2435,66.555
2722,66.547
2348,66.541
4488,66.529
6629,66.524
1450,66.516
21,66.515
1721,66.472
4151,66.471
7037,66.448
4886,66.444
4652,66.425
6749,66.395
2352,66.381
6614,66.346
421,66.311
3513,66.288
2999,66.267
2414,66.263
4401,66.262
2061,66.257
210,66.24
4165,66.221
3565,66.211
1689,66.17
816,66.151
2623,66.131
1684,66.104
5582,66.075
6123,66.052
3595,65.966
4111,65.935
3219,65.933
5735,65.91
1797,65.902
6247,65.895
1965,65.877
6218,65.877
2077,65.859
612,65.825
5662,65.804
4559,65.793
5800,65.791
6978,65.781
5497,65.763
3966,65.743
3920,65.714
1587,65.713
6816,65.703
2851,65.656
2523,65.645
1841,65.639
6839,65.617
3217,65.606
4403,65.597
2643,65.587
71,65.577
1848,65.549
4779,65.535
4578,65.532
3539,65.526
2189,65.512
4450,65.506
5091,65.502
806,65.48
1806,65.453
5204,65.449
4617,65.399
2139,65.38
1959,65.375
3799,65.374
1442,65.37
6437,65.368
2163,65.355
5453,65.345
737,65.33
2331,65.326
6190,65.325
2829,65.321
6258,65.298
938,65.279
2690,65.253
6820,65.251
94,65.185
2436,65.175
7015,65.171
4748,65.169
2984,65.082
3894,65.08
4542,65.077
2996,65.063
1952,65.03
6467,65.02
3874,65.016
5400,65.013
755,64.981
4147,64.975
5777,64.957
3036,64.947
7110,64.946
6621,64.936
2353,64.932
1878,64.928
4091,64.888
3440,64.864
2218,64.855
5042,64.843
3018,64.842
6763,64.837
4482,64.818
2366,64.814
3307,64.798
7115,64.776
1760,64.765
1692,64.758
2053,64.747
1134,64.742
2402,64.72
4312,64.694
2822,64.674
451,64.672
7129,64.661
2825,64.654
6870,64.642
4829,64.61
354,64.608
5817,64.598
4428,64.597
4663,64.586
6899,64.579
2776,64.544
5110,64.538
4954,64.535
5828,64.517
6297,64.498
507,64.481
3150,64.476
6472,64.469
1896,64.432
2590,64.431
6756,64.406
6448,64.394
5013,64.389
6723,64.389
3796,64.375
2575,64.356
3524,64.341
6865,64.328
3319,64.321
770,64.282
5109,64.272
7010,64.232
1287,64.231
2178,64.23
4162,64.221
1445,64.202
4626,64.198
5916,64.196
3592,64.182
6383,64.134
560,64.108
136,64.102
6830,64.093
3880,64.054
3541,64.048
4137,64.042
3222,64.041
906,63.989
2803,63.952
5763,63.941
5837,63.926
931,63.865
3373,63.857
6354,63.829
1393,63.807
4951,63.807
3477,63.795
5350,63.767
6088,63.745
3415,63.742
6429,63.735
5614,63.704
2899,63.688
742,63.687
4717,63.676
2463,63.649
2745,63.648
838,63.645
5811,63.642
7051,63.622
2051,63.553
528,63.543
4134,63.541
5412,63.537
2513,63.507
4366,63.507
1843,63.497
2959,63.454
2100,63.443
4967,63.43
1063,63.416
2764,63.407
4791,63.398
3268,63.381
2549,63.349
1604,63.341
5405,63.312
5939,63.307
6469,63.27
3452,63.269
868,63.255
6211,63.251
2859,63.24
4046,63.183
5238,63.168
6402,63.159
1252,63.154
362,63.144
3455,63.135
588,63.118
6263,63.108
3872,63.07
4502,63.064
667,63.048
5377,63.045
2692,63.036
4389,63.029
5178,63.009
3458,63.005
57,62.966
4919,62.948
6605,62.943
1477,62.933
706,62.855
60,62.845
5188,62.838
6586,62.814
3671,62.802
3804,62.787
3793,62.785
4379,62.785
2952,62.783
700,62.777
2274,62.767
4516,62.758
2606,62.738
4512,62.733
1438,62.723
5968,62.601
5495,62.578
435,62.546
2852,62.544
6698,62.531
1884,62.529
6895,62.507
2373,62.483
3233,62.479
3065,62.474
1885,62.467
3863,62.448
5980,62.438
1011,62.434
3226,62.428
2548,62.425
6833,62.371
1901,62.359
3508,62.355
2761,62.334
3206,62.332
3311,62.318
5449,62.318
3375,62.314
2740,62.312
1540,62.301
5421,62.293
4415,62.292
4027,62.282
5636,62.272
6593,62.26
6009,62.216
6492,62.216
4830,62.197
681,62.177
5219,62.138
5454,62.136
5550,62.122
2833,62.121
2057,62.041
740,62.028
4716,61.968
3770,61.953
1407,61.907
5032,61.889
2130,61.867
6732,61.831
7018,61.77
4457,61.762
219,61.71
2827,61.678
5829,61.674
7038,61.674
4802,61.662
2901,61.659
6777,61.649
427,61.633
3995,61.631
329,61.628
6434,61.559
2282,61.557
754,61.523
3115,61.477
4078,61.454
1293,61.454
6299,61.441
1326,61.425
2337,61.405
5272,61.38
2343,61.361
7058,61.345
277,61.316
648,61.314
1986,61.279
5392,61.265
2234,61.2
6643,61.133
815,61.109
4674,61.107
4325,61.096
2631,61.094
1777,61.085
3586,61.076
4094,61.001
3071,61
2313,60.982
6177,60.981
6207,60.968
234,60.967
41,60.952
1267,60.943
4754,60.919
3014,60.91
5496,60.896
752,60.833
2021,60.822
2956,60.804
3616,60.766
4985,60.764
3413,60.76
1654,60.759
2032,60.759
5255,60.758
1488,60.729
4353,60.696
1302,60.665
989,60.627
213,60.606
2525,60.588
3622,60.563
861,60.472
6049,60.467
3903,60.448
2951,60.448
675,60.431
3577,60.429
6111,60.424
2389,60.394
369,60.388
6687,60.364
6511,60.337
732,60.303
2194,60.282
2492,60.277
5348,60.229
86,60.228
3625,60.222
1752,60.17
4282,60.169
4854,60.165
726,60.149
281,60.146
3317,60.125
5458,60.114
3163,60.097
926,60.084
3385,60.02
3612,59.983
137,59.977
3803,59.957
3407,59.956
1592,59.926
23,59.92
490,59.917
2790,59.853
3093,59.806
3320,59.802
6047,59.796
1892,59.765
3314,59.762
2709,59.745
5221,59.735
3497,59.688
47,59.671
2509,59.67
2371,59.651
1621,59.61
6400,59.529
6808,59.527
3276,59.521
716,59.51
6999,59.496
4522,59.496
4227,59.479
2365,59.479
6751,59.457
184,59.444
5424,59.437
800,59.367
850,59.364
6137,59.364
6056,59.351
862,59.328
1047,59.308
4806,59.297
3033,59.269
6928,59.263
2043,59.26
6923,59.258
6122,59.243
6783,59.23
6857,59.182
2771,59.168
6863,59.162
5715,59.161
6064,59.142
5732,59.115
6261,59.113
2770,59.111
102,59.111
1250,59.066
4149,59.028
2723,59.027
382,58.966
5232,58.962
1679,58.961
6875,58.958
3445,58.932
6078,58.913
3968,58.894
4323,58.867
3604,58.858
2120,58.822
2229,58.799
1929,58.77
2223,58.765
5604,58.751
1022,58.744
6559,58.742
3057,58.74
4650,58.739
3531,58.737
1799,58.724
6456,58.711
5067,58.689
3453,58.686
2981,58.676
5601,58.667
4929,58.621
2187,58.616
6785,58.603
6296,58.596
7059,58.589
4203,58.584
3465,58.583
6632,58.576
4866,58.56
2372,58.554
4373,58.499
2947,58.459
6086,58.439
4218,58.422
2781,58.419
2880,58.417
3467,58.385
3027,58.365
444,58.336
3138,58.312
6307,58.305
4535,58.273
5742,58.262
2508,58.246
5016,58.231
6048,58.23
4927,58.206
5995,58.198
6941,58.182
2094,58.164
4844,58.139
1644,58.136
6589,58.125
3570,58.107
698,58.086
6799,58.085
3654,58.042
4025,58.02
5240,58.019
3335,57.949
2662,57.925
3591,57.876
882,57.857
5444,57.851
2497,57.804
4289,57.763
5254,57.756
3040,57.707
5724,57.703
246,57.663
5097,57.642
2592,57.622
113,57.619
4539,57.614
643,57.608
932,57.544
4888,57.544
608,57.54
4023,57.522
5323,57.505
1874,57.49
1553,57.484
4422,57.431
5064,57.397
2071,57.371
4404,57.367
4900,57.362
5695,57.358
890,57.352
2573,57.344
5981,57.342
1030,57.341
5720,57.326
194,57.269
5660,57.256
5489,57.253
3763,57.197
6596,57.194
4577,57.15
1550,57.131
1114,57.06
564,57.059
1374,57.057
5991,57.053
6342,56.999
2276,56.963
5391,56.958
2421,56.956
2826,56.931
5714,56.928
6852,56.915
3470,56.911
4181,56.886
1762,56.877
1800,56.866
6062,56.866
778,56.862
424,56.859
2201,56.858
723,56.857
4259,56.835
3035,56.826
5402,56.807
7078,56.801
880,56.787
4167,56.768
4646,56.764
4224,56.734
4293,56.729
2014,56.721
515,56.683
5264,56.655
6474,56.649
6158,56.643
1707,56.608
2733,56.601
78,56.59
3386,56.573
2498,56.559
4144,56.535
1165,56.534
4935,56.513
775,56.51
5384,56.48
6946,56.453
3679,56.437
3292,56.37
7026,56.35
4707,56.31
4609,56.288
656,56.278
5297,56.231
1401,56.228
4425,56.228
63,56.225
6305,56.222
6874,56.219
4265,56.173
2397,56.131
1371,56.122
341,56.109
5599,56.104
6454,56.1
4958,56.09
3817,56.046
3157,56.012
5281,55.982
1964,55.972
4722,55.969
193,55.957
4095,55.913
2167,55.901
3397,55.896
6045,55.882
1761,55.877
2641,55.871
2576,55.866
5367,55.862
5280,55.861
4867,55.831
1747,55.808
897,55.759
209,55.755
3484,55.741
4666,55.728
3236,55.703
3977,55.691
1946,55.685
6257,55.677
5146,55.677
4632,55.674
5922,55.664
4286,55.657
1337,55.611
6053,55.582
5267,55.526
4517,55.522
297,55.515
6235,55.5
1457,55.491
4528,55.484
1475,55.482
1428,55.451
4192,55.451
1727,55.447
2633,55.425
3141,55.388
5648,55.38
1931,55.377
3580,55.342
65,55.334
1525,55.306
276,55.303
4569,55.302
2080,55.271
5728,55.226
2418,55.207
6015,55.206
5815,55.175
6611,55.165
592,55.144
6306,55.141
4501,55.127
4544,55.112
1235,55.099
3884,55.097
1983,55.086
3812,55.085
825,55.079
1602,55.076
5752,55.072
112,55.067
4442,55.061
3571,55.058
2294,55.026
2784,55.02
6406,55.014
2179,54.969
4240,54.953
5873,54.953
763,54.944
5741,54.942
2857,54.909
6814,54.896
321,54.88
476,54.866
4178,54.865
5394,54.797
3552,54.776
5257,54.768
6286,54.764
4121,54.69
6571,54.65
3178,54.639
2904,54.622
5942,54.589
2989,54.568
7125,54.52
785,54.516
678,54.505
7096,54.5
2736,54.493
245,54.491
2030,54.475
2943,54.455
3629,54.444
6769,54.438
2003,54.41
3781,54.38
2754,54.37
5371,54.365
837,54.348
2041,54.346
5357,54.317
5479,54.284
3739,54.284
4679,54.227
183,54.197
3085,54.183
2052,54.168
5313,54.138
3073,54.094
1803,54.078
2249,54.059
4081,53.971
1523,53.965
3908,53.948
7070,53.883
1729,53.846
1996,53.841
6392,53.813
1989,53.811
3701,53.785
1499,53.779
383,53.768
2807,53.759
4020,53.757
6431,53.73
4394,53.714
7064,53.702
2376,53.635
252,53.576
2275,53.566
2047,53.543
3858,53.537
4310,53.519
6523,53.516
4894,53.51
921,53.485
4519,53.48
2844,53.383
2876,53.344
4156,53.336
5388,53.33
2103,53.323
5919,53.312
7087,53.26
4313,53.25
5998,53.223
859,53.189
4853,53.167
6681,53.16
6304,53.153
3500,53.149
5237,53.129
6055,53.124
6021,53.122
2383,53.105
4096,53.085
477,53.008
4895,52.997
1844,52.985
6815,52.983
1886,52.945
2946,52.943
5182,52.936
6515,52.932
4828,52.932
2818,52.92
1596,52.92
3717,52.887
481,52.827
1924,52.808
257,52.805
5462,52.803
434,52.799
1451,52.775
4213,52.774
3509,52.706
1968,52.703
6277,52.687
2949,52.678
3581,52.642
600,52.627
3148,52.56
666,52.531
2393,52.486
5667,52.485
2521,52.42
1913,52.41
2195,52.358
4937,52.318
7041,52.303
4187,52.299
3395,52.297
6278,52.291
2174,52.29
6797,52.261
1667,52.251
5373,52.242
3991,52.226
3210,52.216
521,52.206
3354,52.199
2401,52.147
4736,52.147
206,52.142
2936,52.142
2830,52.136
1758,52.127
215,52.108
4399,52.108
6535,52.078
497,52.044
4515,52.036
6099,52.02
5,52.017
4166,51.991
3121,51.968
6977,51.957
450,51.956
1260,51.95
1191,51.939
6932,51.927
2200,51.925
2153,51.921
6925,51.921
957,51.91
248,51.888
4565,51.873
2660,51.869
459,51.857
3641,51.854
3021,51.796
2630,51.79
40,51.74
4433,51.694
5645,51.63
1300,51.626
5305,51.599
915,51.586
581,51.564
2884,51.55
1522,51.503
5597,51.465
4273,51.461
6829,51.457
4781,51.438
1685,51.376
5246,51.367
3808,51.347
5344,51.341
2724,51.313
3324,51.295
5378,51.289
6076,51.269
5062,51.252
1982,51.231
2487,51.217
6498,51.207
2264,51.177
5833,51.141
3371,51.11
3834,51.091
3216,51.088
5630,51.076
5107,51.042
262,51.022
4529,50.947
6072,50.888
6943,50.856
5881,50.789
5864,50.767
2809,50.73
1151,50.707
1379,50.706
3896,50.688
6503,50.682
900,50.619
668,50.59
4043,50.58
2101,50.571
139,50.56
3043,50.546
7,50.479
532,50.415
1735,50.345
3239,50.248
4735,50.232
6877,50.222
1031,50.221
936,50.181
1530,50.142
6688,50.102
6929,50.094
2941,50.078
2988,50.074
4821,50.037
3562,49.959
784,49.938
2841,49.919
147,49.905
6226,49.782
4551,49.758
2063,49.725
5213,49.709
4693,49.707
6368,49.701
5288,49.696
6063,49.688
6293,49.667
6960,49.659
123,49.641
3997,49.604
6054,49.598
6420,49.597
4393,49.539
6645,49.526
5775,49.513
531,49.51
3510,49.506
2748,49.506
2515,49.5
4636,49.495
4885,49.495
817,49.488
621,49.438
4751,49.431
6133,49.382
5900,49.372
328,49.345
6387,49.342
2454,49.328
1095,49.299
5455,49.241
1985,49.205
4171,49.169
3083,49.162
6861,49.156
6569,49.108
6254,49.103
3907,49.066
554,49.061
4351,49.052
1980,49.025
2160,48.971
6018,48.931
6120,48.922
1467,48.918
7127,48.902
6459,48.901
6762,48.884
6391,48.86
590,48.826
902,48.796
616,48.786
1605,48.728
4210,48.722
856,48.697
3420,48.685
5849,48.67
4040,48.664
3096,48.644
5279,48.584
3405,48.578
791,48.571
3459,48.495
747,48.454
4278,48.4
4536,48.377
5867,48.365
2155,48.362
2136,48.336
6458,48.321
3161,48.32
166,48.307
556,48.277
2488,48.264
2318,48.242
6422,48.234
3088,48.2
293,48.191
3801,48.165
6597,48.117
5632,48.088
4557,48.084
5467,48.062
1849,47.984
1229,47.979
3223,47.948
5786,47.943
3728,47.888
4299,47.73
2983,47.724
5406,47.717
2579,47.707
3429,47.704
3422,47.664
6580,47.649
109,47.646
480,47.639
5183,47.631
2966,47.619
5409,47.576
2878,47.571
7000,47.57
1129,47.52
2797,47.434
857,47.4
3943,47.375
1365,47.357
2002,47.321
3824,47.313
1686,47.26
5931,47.217
1473,47.19
2865,47.169
144,47.166
696,47.148
5227,47.145
1048,47.142
741,47.129
1035,47.09
1199,47.083
6479,47.067
4421,47.054
1820,47.034
2020,46.998
3402,46.962
3189,46.949
797,46.948
1141,46.945
4991,46.942
6316,46.937
5022,46.915
6294,46.902
6584,46.821
5076,46.786
2934,46.767
5634,46.737
3630,46.699
3400,46.691
1969,46.668
471,46.655
1554,46.646
796,46.628
3046,46.492
5199,46.435
2906,46.412
5904,46.35
5542,46.282
4856,46.254
7075,46.243
2236,46.237
893,46.176
4987,46.149
5417,46.139
3989,46.138
5010,46.122
2688,46.086
3809,46.082
1085,46.056
1584,46.035
4001,46.03
2760,46.006
5861,45.975
1537,45.93
5744,45.928
4448,45.911
4002,45.894
625,45.89
524,45.888
6659,45.88
4017,45.827
1298,45.815
2185,45.811
5824,45.786
5430,45.783
641,45.768
4526,45.647
2142,45.603
370,45.548
3188,45.539
3368,45.497
5452,45.495
14,45.484
1741,45.453
994,45.448
5066,45.425
196,45.422
647,45.396
5697,45.372
1423,45.367
4799,45.331
2712,45.329
4840,45.312
1593,45.259
4026,45.247
2126,45.182
1857,45.164
3113,45.123
6026,45.11
6401,45.093
3110,45.053
5355,45.033
5026,45.014
5036,45.001
2245,44.964
6346,44.949
4276,44.946
6508,44.92
1367,44.878
6067,44.692
4250,44.575
1573,44.574
1390,44.571
3749,44.567
3474,44.526
4596,44.519
5918,44.508
4822,44.423
2811,44.387
3596,44.354
5684,44.315
5135,44.308
637,44.188
4423,44.157
187,44.154
5984,44.124
1926,44.124
1236,44.123
541,44.036
5954,43.99
2953,43.98
7079,43.952
7095,43.944
4445,43.928
818,43.92
1580,43.919
223,43.877
719,43.867
1717,43.858
1927,43.839
5717,43.733
4346,43.71
5805,43.694
3475,43.691
1855,43.688
4429,43.61
2493,43.581
4950,43.554
305,43.554
5172,43.523
7039,43.492
5492,43.483
1024,43.416
1838,43.385
5859,43.371
7124,43.337
367,43.204
3658,43.201
575,43.085
5212,43.08
4197,43.07
4541,43.021
5522,43.004
6362,42.978
2652,42.858
3813,42.852
3383,42.847
3785,42.843
6455,42.838
4604,42.817
3830,42.782
101,42.776
1395,42.767
2948,42.75
6230,42.741
1902,42.74
2998,42.722
5499,42.706
6676,42.692
5680,42.671
394,42.628
4608,42.599
2858,42.583
2341,42.577
5422,42.558
2128,42.54
2068,42.539
783,42.504
4952,42.483
4064,42.481
3476,42.441
6436,42.411
3924,42.408
2359,42.36
4936,42.343
2406,42.335
308,42.321
6919,42.203
4090,42.18
4145,42.18
6355,42.156
5209,42.142
5319,42.138
5774,42.138
5673,42.114
3109,42.101
5012,42.07
4308,42.065
1830,42.065
4645,42.056
2837,42.028
5044,41.976
6110,41.937
1437,41.917
5158,41.855
705,41.828
4597,41.775
593,41.741
4978,41.717
447,41.714
1446,41.665
4520,41.656
6146,41.637
5878,41.615
5769,41.604
6415,41.555
3711,41.481
6844,41.479
6460,41.463
5490,41.463
267,41.398
6679,41.395
4362,41.381
1148,41.373
4643,41.361
5266,41.353
5031,41.348
997,41.34
1720,41.336
37,41.296
6341,41.177
1648,41.081
4611,41.022
5819,40.959
3306,40.954
3225,40.942
4696,40.873
1794,40.822
6993,40.816
35,40.813
6891,40.806
3652,40.791
2654,40.768
2090,40.763
5934,40.726
1798,40.682
6626,40.57
5757,40.538
266,40.499
5290,40.496
3536,40.41
1215,40.376
2243,40.363
5098,40.35
5105,40.31
2007,40.292
1909,40.283
3523,40.261
4231,40.228
3566,40.211
1877,40.195
2271,40.103
1497,40.092
813,40.058
1184,40.011
6365,39.923
1861,39.916
4317,39.873
5208,39.868
5168,39.765
6755,39.744
4172,39.72
1904,39.669
6166,39.645
1012,39.577
494,39.571
1455,39.551
2197,39.535
4337,39.531
5783,39.455
5077,39.415
4530,39.349
758,39.322
4938,39.278
2637,39.256
2477,39.244
2527,39.235
1882,39.234
5403,39.234
269,39.21
1967,39.18
1666,39.155
4993,39.123
3392,39.115
4329,39.065
119,39.061
5191,38.999
238,38.993
3745,38.975
5092,38.94
1895,38.913
2022,38.87
5544,38.869
3280,38.856
190,38.855
5531,38.851
1043,38.814
4777,38.785
823,38.783
127,38.747
1469,38.742
1396,38.711
6563,38.686
4980,38.673
2735,38.666
3930,38.65
5330,38.561
4999,38.425
4139,38.366
4044,38.349
3134,38.131
1176,38.11
3811,38.092
4928,38.09
1808,38.06
51,38.053
3962,38.041
1620,37.985
3818,37.974
4913,37.96
97,37.956
6351,37.905
2286,37.899
5152,37.889
3791,37.853
3038,37.811
145,37.791
1453,37.772
4076,37.738
4678,37.7
2009,37.693
6438,37.614
3932,37.528
2815,37.446
5749,37.438
5177,37.404
500,37.4
2171,37.398
4975,37.378
3211,37.356
3032,37.35
1657,37.317
3990,37.264
6570,37.242
1923,37.19
2285,37.18
4113,37.116
6791,37.037
1156,36.94
674,36.924
4342,36.905
2288,36.824
239,36.816
5988,36.813
3504,36.779
479,36.702
1715,36.682
6398,36.593
2268,36.574
3278,36.529
5333,36.521
5996,36.492
6710,36.484
3112,36.46
3892,36.435
1319,36.423
2796,36.38
4199,36.266
6813,36.189
6033,36.121
3151,36.117
547,36.073
2242,36.064
2897,36.019
2929,35.985
6964,35.973
5151,35.969
2519,35.93
5413,35.854
3669,35.816
3053,35.794
4615,35.751
1780,35.734
814,35.717
6245,35.698
2873,35.698
1023,35.695
4960,35.691
2968,35.662
3778,35.636
2622,35.633
6103,35.613
6665,35.544
3411,35.543
2164,35.531
1387,35.49
1121,35.43
6669,35.414
4484,35.383
4547,35.363
3964,35.347
2416,35.346
6609,35.343
6753,35.331
3922,35.328
645,35.197
2291,35.151
379,35.035
2785,35.014
5365,35.004
3366,35.003
3010,34.945
273,34.88
446,34.879
6588,34.867
807,34.859
1126,34.838
644,34.834
2146,34.822
682,34.819
6223,34.809
5857,34.802
6802,34.799
1641,34.797
27,34.767
6068,34.716
5566,34.676
6142,34.575
5848,34.47
4230,34.43
2304,34.417
6707,34.415
6085,34.407
5228,34.385
2765,34.372
4638,34.309
335,34.287
408,34.226
64,34.185
301,34.177
4782,34.122
3553,34.071
4833,34.065
789,34.01
1377,33.984
6482,33.966
3309,33.96
933,33.896
5892,33.895
1676,33.875
3895,33.783
683,33.759
4455,33.733
3690,33.731
3175,33.644
2496,33.618
1795,33.598
1864,33.594
6475,33.588
6558,33.533
302,33.492
6216,33.482
6385,33.456
2058,33.385
6319,33.361
2307,33.352
487,33.339
4943,33.294
5870,33.279
2536,33.276
5341,33.231
5090,33.225
967,33.155
5461,33.146
1242,33.131
6298,33.109
3800,33.098
586,33.034
1241,33.029
2346,33.025
1164,33.01
886,32.969
4454,32.853
5506,32.837
129,32.82
1130,32.769
191,32.711
6660,32.699
5903,32.632
3369,32.591
336,32.547
3937,32.51
3359,32.504
5083,32.473
3287,32.461
2531,32.443
7088,32.434
5395,32.429
3339,32.381
264,32.363
5801,32.351
7002,32.333
48,32.293
411,32.219
5827,32.133
894,32.125
6234,32.113
6283,32.103
5898,32.097
2895,32.096
4503,32.091
1055,32.045
3816,32.033
93,32.019
6741,32.008
2434,31.933
2297,31.872
2553,31.844
312,31.842
3069,31.84
684,31.816
390,31.785
1549,31.772
2006,31.748
2260,31.718
6097,31.685
4097,31.68
5195,31.658
3575,31.638
1821,31.613
591,31.543
3944,31.498
5973,31.438
3061,31.414
5761,31.336
323,31.326
404,31.323
651,31.298
3511,31.247
4514,31.111
4719,31.041
7119,30.977
5145,30.944
3976,30.941
469,30.902
6934,30.881
2235,30.855
2322,30.807
530,30.789
1561,30.788
6060,30.76
2116,30.748
956,30.686
3838,30.679
2763,30.638
6186,30.607
6945,30.566
4998,30.553
5527,30.53
2683,30.519
5162,30.517
6132,30.513
6043,30.481
5112,30.437
6160,30.403
3909,30.39
5122,30.384
2151,30.377
1664,30.354
2117,30.329
5547,30.312
5855,30.302
5649,30.275
4839,30.247
927,30.199
6252,30.126
2301,30.122
3587,30.108
1203,30.097
3417,30.072
7007,29.974
423,29.97
485,29.892
2940,29.841
4205,29.793
883,29.56
6114,29.514
4183,29.503
1709,29.501
6001,29.478
5035,29.396
3663,29.374
4882,29.369
5835,29.337
711,29.3
694,29.285
2752,29.273
6862,29.261
4767,29.236
614,29.233
3662,29.183
2031,29.176
924,29.113
710,29.111
6682,29.103
3643,29.085
468,28.997
4930,28.876
905,28.835
5439,28.787
6685,28.698
717,28.69
6240,28.69
300,28.627
4982,28.571
6260,28.52
672,28.5
4365,28.215
1413,28.188
2755,28.153
3733,28.152
4697,28.105
907,28.003
3998,28
6942,27.967
384,27.96
949,27.951
3087,27.919
4872,27.87
2798,27.865
4808,27.829
4280,27.825
2992,27.693
2093,27.658
2247,27.654
5576,27.623
4468,27.617
1452,27.611
4186,27.599
6601,27.589
448,27.545
1748,27.529
4483,27.4
691,27.38
2186,27.373
4734,27.354
2299,27.253
2789,27.251
467,27.193
1466,27.089
457,27.084
1805,27.027
4385,27.018
6499,26.936
6730,26.868
3464,26.703
4396,26.67
5948,26.664
3530,26.617
6579,26.545
4288,26.507
4160,26.506
5282,26.459
4405,26.331
6506,26.276
2382,26.258
253,26.221
4202,26.083
2689,26.042
3660,25.993
5481,25.971
6059,25.884
6485,25.872
844,25.814
5727,25.702
6954,25.63
3535,25.629
690,25.626
953,25.583
1340,25.581
3183,25.566
4620,25.56
6340,25.537
3973,25.311
6737,25.309
3936,25.268
6465,25.263
2354,25.121
1168,25.12
5796,25.108
358,25.051
2367,25.05
5688,25.01
3250,24.985
6782,24.935
3254,24.914
5551,24.903
4709,24.772
566,24.763
4252,24.675
3865,24.641
2577,24.546
1711,24.477
6375,24.419
5929,24.408
5548,24.347
2719,24.304
3187,24.211
3281,24.205
6647,24.1
1545,24.077
2898,24.051
284,24.044
2131,24.042
4056,24.039
582,24.003
5131,23.91
6361,23.903
5540,23.838
5130,23.796
4238,23.79
2166,23.746
4014,23.683
2788,23.652
6784,23.643
236,23.589
2156,23.549
1405,23.543
5519,23.506
2375,23.484
496,23.39
3300,23.378
5207,23.356
4664,23.343
5397,23.331
5315,23.31
5672,23.249
6219,23.244
6768,23.235
601,23.226
5791,23.226
3938,23.213
6657,23.164
5581,23.153
1541,23.117
3735,23.111
3950,23.026
553,23.019
6473,22.938
2618,22.891
2246,22.887
6738,22.87
761,22.857
5560,22.833
5925,22.817
56,22.803
4804,22.704
80,22.694
5093,22.691
32,22.674
3367,22.637
6175,22.628
4148,22.624
6888,22.528
6760,22.467
5361,22.4
6380,22.343
5737,22.195
5755,22.172
546,22.14
2726,22.089
6887,22.058
834,22.037
4360,22.006
1860,22.005
2713,21.953
3322,21.903
1976,21.848
5962,21.762
4136,21.732
5639,21.67
337,21.529
4237,21.526
1704,21.517
5589,21.514
156,21.473
2505,21.467
3308,21.349
618,21.345
1209,21.337
603,21.264
2170,21.239
3954,21.229
5292,21.165
5284,21.136
5433,21.131
4788,21.05
6309,21.046
5058,21.038
1187,20.862
6745,20.809
4062,20.8
4470,20.704
3695,20.623
6539,20.616
6140,20.559
4665,20.548
2469,20.545
3859,20.431
4451,20.259
5426,20.245
1361,20.209
508,20.186
6617,20.094
6924,20.052
271,20.033
275,19.949
1506,19.898
2772,19.878
3992,19.863
4798,19.838
2082,19.806
7053,19.8
5517,19.727
5894,19.724
6108,19.473
1478,19.322
4175,19.264
5679,19.226
1603,19.204
3132,19.198
2457,19.171
4618,19.158
1210,19.069
4838,18.933
3829,18.844
4039,18.841
3202,18.782
4083,18.748
5298,18.688
713,18.687
6692,18.684
4233,18.604
6493,18.582
1464,18.551
607,18.479
4270,18.466
5532,18.464
2530,18.372
2494,18.328
3274,18.324
2663,18.305
3883,18.28
5838,18.264
7034,18.216
5831,18.169
4383,18.099
6414,18.05
991,18.045
3725,18.034
5335,18.008
3329,17.905
3806,17.876
835,17.85
6170,17.845
6328,17.784
1796,17.765
4476,17.755
1793,17.643
3045,17.633
6212,17.561
2707,17.483
4562,17.428
226,17.286
2433,17.271
2054,17.177
2034,17.169
1297,17.118
4499,17.008
4703,16.999
702,16.998
5971,16.989
3305,16.956
3731,16.949
4458,16.762
282,16.689
3318,16.649
309,16.562
7052,16.542
4970,16.425
4327,16.41
3889,16.36
4256,16.304
2603,16.29
5592,16.23
4525,16.203
3741,16.073
4538,16.066
4694,16.063
4814,16.028
3634,15.954
3104,15.825
4653,15.825
1871,15.716
573,15.695
6567,15.637
5196,15.539
5040,15.406
730,15.403
2263,15.395
4452,15.348
799,15.329
5231,15.32
1742,15.278
1189,15.216
4284,15.184
1978,15.174
2537,15.132
2639,15.091
409,15.083
2283,14.914
6968,14.902
5382,14.84
3766,14.794
6795,14.779
3697,14.692
1479,14.669
3271,14.642
3969,14.566
3441,14.534
1825,14.503
274,14.448
3588,14.438
4571,14.367
2816,14.346
3262,14.322
2646,14.244
5074,14.175
2819,14.136
708,14.134
688,14.12
6984,14.035
3060,13.936
3677,13.919
2350,13.859
5689,13.839
6913,13.826
5751,13.803
1221,13.792
2872,13.757
214,13.735
626,13.717
2424,13.634
6696,13.575
1935,13.513
353,13.144
1988,13.125
2076,13.108
454,13.105
5685,13.042
6477,12.945
6042,12.895
4254,12.889
605,12.746
6541,12.743
1812,12.74
5651,12.7
1753,12.64
2916,12.576
4631,12.536
4555,12.459
578,12.413
3380,12.394
841,12.369
4125,12.36
422,12.322
69,12.303
9,12.296
1093,12.283
66,12.264
4820,12.248
1728,12.183
2610,12.068
5856,12.037
3702,12.022
2154,12.02
5053,12.013
1179,11.969
2395,11.895
3135,11.886
83,11.882
6712,11.866
5705,11.836
1875,11.753
307,11.724
3774,11.697
6958,11.656
6671,11.529
3389,11.522
1832,11.424
6416,11.32
6275,11.28
4959,11.14
3632,11.066
5767,10.997
4363,10.989
2138,10.98
2206,10.882
2215,10.845
2911,10.779
1702,10.707
263,10.633
3925,10.554
414,10.51
961,10.388
3758,10.281
104,10.268
5316,10.107
505,10.048
567,9.9372
6848,9.8784
2132,9.7959
5912,9.7893
486,9.7698
4443,9.6884
1774,9.5966
866,9.5353
3003,9.5212
3750,9.497
5299,9.491
6386,9.4754
5989,9.445
782,9.417
2484,9.3927
6890,9.3672
2780,9.3512
6093,9.3504
7009,9.3167
5318,9.2689
2449,9.226
3982,9.1227
3062,9.1093
6502,8.9486
1675,8.9262
2656,8.8724
3454,8.8474
6162,8.8032
4776,8.5836
4335,8.5785
767,8.495
2396,8.4058
3382,8.3989
745,8.3264
4567,8.2936
1765,8.2556
232,8.103
6555,8.0984
2042,8.076
1485,8.0207
6624,7.9744
1597,7.7664
6005,7.7379
2814,7.6437
762,7.6088
1205,7.5289
5037,7.4587
855,7.4444
6152,7.409
4269,7.4006
492,7.3262
5163,7.3164
4591,7.231
303,7.1394
887,7.1041
6938,7.1015
3449,7.0863
4051,7.0598
1908,7.0303
5133,6.95
6858,6.8085
153,6.7842
558,6.7598
164,6.7104
1462,6.5725
3068,6.4571
332,6.4542
7017,6.3647
3051,6.2364
5734,6.1891
1811,6.1152
2385,6.0803
356,6.0537
6232,6.0042
7021,5.9476
872,5.9374
1831,5.914
416,5.8699
2885,5.8588
5478,5.7765
4655,5.7526
2801,5.7266
7016,5.7215
3283,5.6129
1107,5.5411
6478,5.4862
3755,5.4563
6168,5.4212
3901,5.3821
2533,5.2578
3866,5.2572
3640,5.2277
2312,5.1447
5487,5.0554
4241,5.0538
499,4.9863
4743,4.8234
5084,4.8193
6040,4.8029
613,4.8012
4053,4.7642
699,4.7478
3248,4.735
98,4.7134
2849,4.6551
201,4.6494
2794,4.6379
5877,4.6204
4352,4.5674
701,4.453
665,4.413
350,4.3166
186,4.3122
6339,4.2919
3294,4.2812
3951,4.2281
5509,4.1964
4892,4.1699
470,4.1344
5501,4.1143
4005,4.0476
2850,3.7955
2183,3.721
2986,3.6794
3826,3.6648
4775,3.6497
3285,3.6362
1713,3.5873
724,3.573
2666,3.5215
4168,3.481
5159,3.4325
966,3.3625
526,3.3336
1282,3.3032
6796,3.3023
2357,3.2232
1104,3.2009
4426,3.1244
6205,3.0841
1237,3.0218
148,3.0207
2768,2.978
3788,2.9488
1846,2.9444
795,2.9328
185,2.8178
1678,2.7367
5142,2.7287
659,2.7162
2875,2.6081
70,2.4674
6726,2.437
4055,2.4164
5345,2.3762
4758,2.3249
5136,2.248
6680,2.2446
6323,2.2275
1906,2.1871
6884,1.9533
2355,1.9352
3332,1.9282
4479,1.8213
6147,1.7843
2893,1.7528
903,1.7116
4855,1.6838
944,1.6763
270,1.6269
1376,1.5244
2812,1.4002
6446,1.3645
3107,1.2515
5331,1.2475
491,1.2306
6181,1.1822
2616,1.168
5868,1.1637
2224,1.1517
5712,1.0205
6562,0.94951
1543,0.86566
4824,0.8091
768,0.78988
3885,0.76323
495,0.70213
1814,0.64171
1600,0.57508
4635,0.52033
6840,0.46938
3965,0.46462
5115,0.37903
5307,0.33772
2368,0.32447
3155,0.31802
2011,0.29602
670,0.21838
536,0.073949
5233,0.06605
5498,0.0079624
