3130,99.976
4395,99.974
3670,99.971
5762,99.944
2554,99.931
6497,99.931
5336,99.914
2109,99.914
5691,99.91
1496,99.905
5138,99.899
2612,99.895
803,99.89
5732,99.877
4335,99.871
2983,99.864
2586,99.863
4056,99.852
5068,99.848
6571,99.837
5314,99.835
970,99.835
5782,99.834
43,99.829
755,99.829
4511,99.823
4444,99.802
3285,99.784
5901,99.781
6624,99.78
6453,99.78
4544,99.777
3422,99.773
2920,99.769
5533,99.768
6451,99.764
5564,99.754
5831,99.751
6153,99.75
5104,99.749
548,99.719
3,99.718
6011,99.718
6126,99.713
3763,99.702
6686,99.695
2719,99.69
6039,99.683
132,99.678
1452,99.676
1310,99.67
1337,99.664
6159,99.65
708,99.643
3489,99.639
1700,99.594
3424,99.591
6923,99.579
3556,99.565
1679,99.561
5088,99.543
3361,99.513
1242,99.502
5919,99.501
6061,99.486
5031,99.481
5204,99.478
4255,99.475
4462,99.473
4734,99.466
2177,99.459
3620,99.456
1133,99.455
6225,99.45
712,99.44
6770,99.435
1868,99.434
5472,99.433
1414,99.431
6742,99.43
419,99.427
3919,99.426
81,99.422
3049,99.421
2776,99.421
2562,99.417
1940,99.404
948,99.398
2204,99.397
5345,99.382
4838,99.378
6754,99.372
7013,99.354
4629,99.352
6272,99.34
186,99.332
3713,99.33
4860,99.326
5439,99.32
1765,99.316
1588,99.3
1042,99.296
5509,99.277
665,99.265
2949,99.26
2205,99.254
5346,99.251
5842,99.247
6302,99.246
1047,99.179
5643,99.178
5718,99.164
725,99.155
1433,99.148
3229,99.139
4933,99.13
3951,99.125
2027,99.113
1591,99.113
4306,99.112
6239,99.112
3024,99.109
3248,99.103
5468,99.097
6550,99.095
5170,99.078
3209,99.059
6975,99.048
6226,99.045
1513,99.021
1606,99.01
2113,99.008
4309,99.004
2431,99.002
5247,98.986
773,98.973
1147,98.948
1425,98.948
6263,98.931
1970,98.921
4720,98.921
5343,98.914
4183,98.912
5915,98.896
2438,98.891
4949,98.89
5521,98.866
6262,98.865
5366,98.861
4062,98.86
5445,98.854
6407,98.843
4150,98.843
926,98.835
3394,98.827
6565,98.819
754,98.807
6626,98.795
6435,98.789
3936,98.776
4219,98.773
4414,98.769
1949,98.764
6480,98.758
952,98.758
4579,98.756
1749,98.747
2009,98.746
1419,98.74
2035,98.736
5767,98.733
4524,98.731
570,98.722
5194,98.721
3478,98.72
3179,98.719
4368,98.715
3747,98.702
6787,98.688
865,98.688
5610,98.675
6203,98.659
6442,98.656
5110,98.643
3714,98.623
4139,98.619
659,98.608
2003,98.595
2985,98.569
4347,98.565
2712,98.564
4667,98.558
4238,98.556
1082,98.552
185,98.55
529,98.528
5528,98.525
2390,98.524
5056,98.509
2250,98.502
6516,98.492
6333,98.488
6488,98.488
2890,98.48
54,98.46
7024,98.459
1738,98.457
6259,98.426
3579,98.4
5574,98.398
5537,98.393
4330,98.381
6810,98.376
1574,98.369
4220,98.366
6094,98.361
6473,98.357
71,98.337
6928,98.308
53,98.302
1347,98.293
5851,98.278
3341,98.272
3237,98.269
1051,98.266
3386,98.265
3250,98.249
1060,98.241
6651,98.233
2664,98.233
924,98.232
886,98.228
4377,98.212
6964,98.207
5423,98.183
6361,98.175
6037,98.172
4952,98.169
601,98.161
3295,98.147
5823,98.109
6555,98.103
4905,98.081
6487,98.062
462,98.055
4108,98.051
4413,98.035
3293,98.035
3852,98.025
3214,98.017
3067,98.009
5319,98.005
2967,98.005
5740,98.003
4029,97.991
3400,97.964
6659,97.949
4447,97.941
6688,97.921
498,97.914
80,97.905
5408,97.897
3309,97.886
3997,97.878
3984,97.876
5230,97.841
1582,97.838
3831,97.838
4215,97.829
332,97.815
5051,97.808
1166,97.802
3519,97.799
4753,97.794
654,97.79
1029,97.774
5742,97.767
2078,97.747
2220,97.725
6416,97.723
2460,97.719
1576,97.706
782,97.692
3345,97.69
3624,97.681
1315,97.668
3012,97.635
2891,97.627
484,97.625
5126,97.592
5609,97.577
6972,97.555
6986,97.543
4211,97.516
3559,97.514
6007,97.511
1209,97.485
1173,97.449
6545,97.439
3353,97.438
3694,97.429
3508,97.426
5002,97.424
5287,97.397
2440,97.392
3501,97.367
5464,97.362
5761,97.351
5081,97.351
281,97.342
6490,97.326
5389,97.32
510,97.309
1832,97.305
1386,97.303
2754,97.302
2356,97.299
6426,97.299
636,97.289
2129,97.288
1648,97.286
76,97.285
4708,97.281
3384,97.281
5873,97.279
117,97.276
6067,97.255
934,97.242
1955,97.214
3060,97.207
1661,97.172
1160,97.129
5083,97.126
2689,97.126
2334,97.104
5142,97.102
5503,97.1
1075,97.096
6293,97.081
5338,97.052
3133,97.023
5705,97.012
3841,97.011
2011,97.009
2410,96.988
2676,96.987
1548,96.978
4782,96.973
5666,96.968
4767,96.964
3312,96.949
1924,96.921
2409,96.909
635,96.907
2008,96.896
1973,96.879
1790,96.878
4712,96.876
3971,96.825
3642,96.818
1680,96.792
4871,96.774
5817,96.769
7101,96.762
1853,96.762
4621,96.757
1516,96.753
5772,96.717
1018,96.716
5700,96.71
495,96.694
5997,96.687
1097,96.683
713,96.678
5307,96.646
3724,96.642
5806,96.633
3741,96.63
3120,96.578
4732,96.554
6223,96.548
1156,96.545
3152,96.521
6253,96.505
6413,96.501
6843,96.466
1816,96.449
646,96.413
3121,96.408
767,96.405
5708,96.39
1926,96.364
2770,96.357
5114,96.355
4473,96.341
3103,96.332
6121,96.32
834,96.279
6594,96.277
1939,96.269
64,96.254
6637,96.198
5727,96.153
6568,96.116
4120,96.113
4935,96.08
3420,96.077
6194,96.073
6888,96.072
6345,96.056
3797,96.046
6088,96.041
574,96.004
7085,95.991
42,95.958
5351,95.95
5124,95.932
415,95.908
6000,95.904
5285,95.899
1946,95.865
2564,95.865
2098,95.85
2466,95.822
4836,95.783
6558,95.769
4884,95.764
6474,95.739
1618,95.728
1462,95.725
3252,95.705
3321,95.701
1182,95.683
5075,95.682
3781,95.665
5843,95.659
4359,95.647
6331,95.608
2257,95.598
3706,95.591
404,95.578
6921,95.538
3411,95.532
7094,95.525
945,95.524
1372,95.521
648,95.484
2256,95.473
2217,95.463
28,95.442
1985,95.419
2798,95.401
3689,95.39
604,95.321
479,95.284
5144,95.269
1122,95.251
2727,95.215
5621,95.214
478,95.199
812,95.192
4833,95.19
3388,95.178
3953,95.163
4889,95.16
5133,95.141
366,95.127
2732,95.125
175,95.111
1148,95.051
6581,95.044
5371,95.036
4190,95.016
4087,95.003
2159,95
3140,94.992
5768,94.991
6282,94.974
6060,94.971
5021,94.943
5640,94.938
7077,94.935
5622,94.933
893,94.906
614,94.903
5139,94.878
3748,94.874
6945,94.868
1659,94.846
1124,94.816
492,94.816
5612,94.804
4873,94.793
4177,94.786
3025,94.785
4679,94.761
1421,94.76
3310,94.755
771,94.743
2501,94.727
1134,94.711
4277,94.686
5039,94.679
1838,94.663
4647,94.651
3005,94.633
4872,94.63
5417,94.629
4684,94.62
939,94.617
1237,94.586
1948,94.566
4979,94.561
7056,94.544
1740,94.542
3850,94.531
4363,94.528
2015,94.525
5856,94.495
4463,94.46
7028,94.446
2968,94.444
295,94.437
6089,94.412
2911,94.395
1547,94.394
1887,94.361
2755,94.353
6401,94.34
3629,94.335
2199,94.33
63,94.328
5448,94.318
4591,94.3
4792,94.275
4964,94.246
997,94.237
6381,94.226
5911,94.198
1149,94.192
4648,94.173
5975,94.165
2461,94.156
6563,94.125
4634,94.075
5924,94.071
3812,94.057
5011,94.051
4877,94.05
5034,94.012
5641,93.969
5090,93.95
3428,93.917
5135,93.915
4487,93.812
2428,93.72
4117,93.71
3532,93.706
2651,93.691
4881,93.68
6448,93.663
3254,93.646
3569,93.644
6691,93.641
959,93.633
3827,93.609
3520,93.607
1917,93.604
1506,93.597
1466,93.591
2146,93.577
6536,93.57
6471,93.557
4271,93.549
881,93.548
2976,93.545
6900,93.522
6387,93.489
316,93.432
2144,93.411
1428,93.405
6477,93.365
2735,93.36
4126,93.326
4500,93.278
5539,93.265
1586,93.234
4280,93.227
6587,93.185
6711,93.165
3661,93.146
3849,93.135
7065,93.117
2487,93.112
2582,93.109
5374,93.063
3125,93.027
3823,93.026
4801,93.016
4315,93.005
7107,92.994
5633,92.989
1220,92.988
2468,92.978
4583,92.966
2632,92.945
3820,92.933
2526,92.913
4633,92.91
1055,92.898
1480,92.875
2573,92.825
6444,92.705
4045,92.697
6195,92.678
1478,92.664
5798,92.659
4362,92.657
4616,92.655
1877,92.634
6327,92.632
1336,92.609
2607,92.604
6181,92.599
5043,92.597
655,92.583
858,92.576
1450,92.549
5943,92.546
839,92.519
657,92.505
6087,92.423
3450,92.391
5781,92.387
3194,92.38
2913,92.378
4706,92.368
4906,92.365
4006,92.364
607,92.357
6044,92.313
4152,92.269
4717,92.263
4784,92.261
4159,92.243
4789,92.242
1232,92.24
4106,92.233
260,92.208
6240,92.205
1603,92.19
593,92.173
5145,92.158
5162,92.106
2392,92.076
5501,92.074
2553,92.062
5038,92.037
3728,92.032
5158,92.03
1399,92.024
3676,92.024
4923,92.022
1221,92.008
724,91.991
5210,91.975
5827,91.927
1059,91.914
2577,91.877
493,91.868
3664,91.856
2140,91.851
2966,91.85
2824,91.797
5805,91.771
743,91.737
6946,91.735
3704,91.729
1461,91.716
128,91.711
904,91.691
1590,91.665
2507,91.643
4060,91.641
4828,91.601
6615,91.564
6168,91.542
1515,91.542
3077,91.534
1844,91.527
2245,91.445
4044,91.444
2604,91.424
6336,91.42
2546,91.311
5502,91.253
5231,91.154
3401,91.12
3251,91.102
50,91.014
5350,90.951
2452,90.925
2563,90.921
2834,90.912
10,90.91
2367,90.892
3328,90.829
4892,90.812
2489,90.799
6572,90.721
879,90.703
3742,90.67
2668,90.664
4582,90.662
4645,90.66
4226,90.642
5877,90.607
4937,90.574
1507,90.451
5867,90.446
6665,90.433
6648,90.422
1197,90.35
4606,90.34
1890,90.32
875,90.307
3063,90.264
1994,90.261
3657,90.261
2560,90.261
7099,90.247
6105,90.243
1258,90.232
6864,90.221
6063,90.184
3787,90.166
6562,90.13
1883,90.059
2092,90.047
6814,90.036
4030,90
431,89.981
3681,89.974
6811,89.97
615,89.905
2281,89.876
2305,89.873
1001,89.871
2802,89.869
5313,89.863
6701,89.834
3983,89.775
5058,89.774
5966,89.758
5117,89.754
3057,89.751
3808,89.698
7066,89.681
5863,89.65
751,89.634
1083,89.627
5511,89.597
4084,89.595
2990,89.56
4486,89.534
84,89.524
2876,89.519
2621,89.447
2446,89.429
1107,89.421
586,89.396
3598,89.367
6179,89.361
991,89.357
356,89.27
6578,89.257
6982,89.226
5821,89.224
1673,89.212
7125,89.183
4054,89.171
3407,89.124
2007,89.12
5507,89.116
999,89.059
734,89.023
92,89.008
6449,88.986
6546,88.96
5660,88.941
680,88.935
3636,88.92
5128,88.892
310,88.881
5712,88.866
1015,88.855
5524,88.837
1228,88.827
1569,88.815
2723,88.772
986,88.761
3075,88.726
3492,88.715
6287,88.686
2322,88.686
3136,88.671
2171,88.596
2299,88.569
3699,88.545
3369,88.531
6580,88.456
1022,88.412
483,88.385
116,88.38
3959,88.315
1048,88.304
1622,88.234
2381,88.223
5340,88.208
2511,88.185
1396,88.185
1373,88.162
5570,88.146
6882,88.118
4751,88.085
5560,88.083
5262,88.076
3302,88.048
916,88.028
2827,87.984
2811,87.977
1217,87.895
6798,87.847
6274,87.846
3030,87.795
5907,87.785
1432,87.735
5270,87.717
946,87.71
748,87.708
3143,87.695
3477,87.69
1665,87.689
6098,87.677
1019,87.633
2944,87.601
3271,87.532
5707,87.525
3157,87.517
4179,87.435
4374,87.402
5102,87.391
3963,87.366
1229,87.363
1323,87.354
5773,87.351
6133,87.298
5791,87.273
2290,87.265
6427,87.253
7103,87.242
5652,87.187
545,87.187
27,87.159
2782,87.128
7054,87.119
1405,87.11
3274,87.101
208,87.05
4517,87.023
1371,87.007
1875,86.942
693,86.942
6994,86.937
6499,86.9
5097,86.877
5206,86.794
3646,86.786
6058,86.737
3866,86.726
1361,86.724
4542,86.721
2124,86.712
6485,86.707
5898,86.65
2441,86.605
3619,86.602
6428,86.586
4826,86.556
2700,86.555
1632,86.464
2336,86.432
348,86.365
2931,86.317
6692,86.304
3235,86.293
623,86.22
4239,86.193
6405,86.135
6992,86.083
4978,86.06
837,86.051
1837,86.006
4673,85.99
6315,85.963
4914,85.937
3506,85.936
896,85.899
2998,85.894
6623,85.817
6801,85.759
1628,85.739
3336,85.704
6034,85.698
7086,85.64
2228,85.624
5014,85.603
5677,85.517
780,85.5
2094,85.492
3634,85.489
5239,85.464
668,85.459
7033,85.452
3658,85.42
3126,85.378
3356,85.376
5850,85.372
729,85.358
4610,85.342
6924,85.307
6528,85.253
4100,85.235
1246,85.136
5994,85.088
4236,85.072
2429,85.066
642,85.05
2283,85.049
2789,85.036
4509,84.992
1469,84.837
4683,84.831
4658,84.815
697,84.781
1262,84.772
3390,84.747
3701,84.735
765,84.705
4480,84.662
3991,84.661
5101,84.646
1715,84.642
5996,84.628
4989,84.619
5118,84.614
3417,84.553
1468,84.511
1798,84.506
2430,84.499
2238,84.458
6515,84.424
79,84.406
3212,84.404
291,84.341
2110,84.325
7034,84.295
3834,84.242
3805,84.228
5086,84.055
2166,84.053
2180,84.029
757,83.999
5598,83.987
819,83.98
1863,83.976
823,83.967
6115,83.963
3499,83.949
75,83.941
3878,83.933
2763,83.931
1888,83.821
6389,83.769
1827,83.748
6030,83.741
4091,83.607
4003,83.58
4351,83.556
1426,83.498
6695,83.452
6354,83.427
5925,83.421
4367,83.406
1294,83.399
5352,83.388
473,83.366
3754,83.363
4119,83.351
813,83.349
6892,83.326
5656,83.325
6021,83.288
338,83.254
5623,83.21
709,83.201
459,83.178
6164,83.154
3138,83.145
4349,83.137
1858,83.085
1184,83.033
2331,83.017
4522,83.004
2791,82.99
4057,82.969
3988,82.937
1326,82.884
6311,82.852
432,82.841
3809,82.808
3585,82.793
4688,82.775
4348,82.766
336,82.738
684,82.684
2091,82.684
2183,82.674
630,82.67
4176,82.643
866,82.601
3904,82.592
818,82.582
2278,82.491
4107,82.487
3038,82.476
2297,82.455
4702,82.452
3845,82.375
3297,82.365
6111,82.364
6673,82.363
776,82.34
3916,82.334
3932,82.263
5607,82.238
1980,82.16
5149,82.138
5431,82.113
5143,82.109
4835,82.093
3920,82.079
6369,82.079
1553,82.076
4572,82.074
633,82.04
3487,82.018
4791,82.015
3746,81.996
7030,81.962
1254,81.924
5235,81.911
5089,81.885
3801,81.876
4669,81.864
5192,81.807
4290,81.771
4888,81.762
6152,81.64
6716,81.632
5890,81.59
647,81.583
2262,81.569
1958,81.499
3311,81.463
5093,81.418
3777,81.414
2622,81.397
2417,81.393
6914,81.326
6191,81.316
6654,81.253
5891,81.237
70,81.211
3803,81.133
262,81.084
3009,81.056
4974,81.038
3854,81.036
5491,80.964
2656,80.957
5311,80.953
6585,80.952
3051,80.921
3170,80.912
4817,80.839
2905,80.821
6314,80.814
2088,80.812
4418,80.769
5559,80.759
6791,80.743
6638,80.682
5399,80.646
1210,80.622
344,80.586
5522,80.551
1203,80.529
1249,80.499
3939,80.49
3360,80.482
5120,80.297
1126,80.272
2147,80.252
1579,80.243
3330,80.233
4576,80.231
258,80.219
1666,80.215
2885,80.161
4808,80.105
6076,80.092
3265,80.067
6216,80.019
4746,79.988
1645,79.981
3389,79.917
4115,79.9
4855,79.892
4331,79.88
6145,79.86
2191,79.857
2306,79.836
1847,79.815
1748,79.783
1437,79.782
6685,79.736
1708,79.697
1200,79.667
1746,79.664
1530,79.658
5085,79.641
2761,79.636
849,79.623
4829,79.607
1544,79.605
1842,79.605
3215,79.586
5188,79.575
5087,79.561
749,79.557
3606,79.535
6103,79.534
859,79.533
1650,79.518
3062,79.507
268,79.507
4678,79.484
5318,79.471
5972,79.453
6697,79.347
118,79.326
5256,79.295
5042,79.283
5797,79.271
2484,79.27
5905,79.266
1179,79.262
6162,79.259
3930,79.233
55,79.23
6456,79.227
1387,79.217
1578,79.216
1114,79.16
6139,79.156
6934,79.127
6184,79.062
3867,79.05
1719,79.037
5148,79.029
7078,79.028
1942,78.958
5962,78.928
1907,78.887
2533,78.847
1066,78.82
4759,78.82
5077,78.804
5390,78.738
1594,78.683
6608,78.667
4279,78.658
5575,78.652
6475,78.635
1824,78.632
3786,78.613
2354,78.607
6211,78.589
3375,78.585
3058,78.52
669,78.484
5844,78.453
1947,78.418
744,78.415
564,78.412
1704,78.391
6210,78.354
2667,78.304
2339,78.28
4945,78.263
6549,78.229
381,78.174
130,78.17
5688,78.142
1809,78.122
3690,78.121
2126,78.093
3792,78.084
3970,78.08
5174,78.07
224,78.041
2019,78.041
4764,78.015
6462,77.986
2224,77.979
6505,77.939
4580,77.927
4649,77.92
2675,77.919
1769,77.865
7011,77.865
871,77.837
1500,77.83
6933,77.791
2101,77.768
885,77.754
285,77.745
2103,77.636
4475,77.588
1536,77.574
2040,77.536
1716,77.525
5580,77.52
4507,77.506
814,77.474
2276,77.451
2425,77.449
3980,77.431
6838,77.265
6001,77.254
5626,77.245
577,77.241
3474,77.235
1150,77.225
1037,77.222
2135,77.179
4849,77.173
5245,77.172
5927,77.169
560,77.114
2984,76.945
5704,76.902
3151,76.898
3032,76.896
5401,76.861
3883,76.852
3491,76.852
3184,76.843
6869,76.819
5645,76.788
6020,76.744
3934,76.743
2138,76.718
592,76.702
4148,76.701
1095,76.7
1805,76.622
2216,76.596
1829,76.592
4540,76.569
6784,76.564
5225,76.533
6074,76.512
2403,76.503
5134,76.449
5490,76.415
198,76.393
5816,76.38
3576,76.377
1016,76.282
6532,76.217
1225,76.188
2629,76.119
4223,76.11
722,76.048
1353,76.036
91,76.015
638,75.955
4843,75.949
2677,75.915
13,75.898
3029,75.898
5868,75.87
279,75.806
1739,75.796
3010,75.796
1869,75.772
4437,75.754
4269,75.717
4948,75.704
6014,75.684
4207,75.674
6124,75.659
4019,75.507
590,75.45
1538,75.448
5760,75.44
4404,75.385
90,75.356
19,75.309
6050,75.293
918,75.29
1434,75.285
5280,75.23
3833,75.221
4845,75.209
5115,75.193
2212,75.184
1577,75.141
1831,75.065
892,75.018
6891,74.974
2709,74.962
2868,74.938
4626,74.934
6826,74.909
3807,74.882
1717,74.876
5639,74.872
5218,74.855
2970,74.781
5950,74.778
1374,74.772
1260,74.704
2565,74.676
126,74.621
86,74.606
5959,74.593
2048,74.576
4783,74.576
6113,74.525
3078,74.512
1141,74.506
6847,74.489
496,74.417
6719,74.404
6095,74.404
516,74.392
4373,74.392
1218,74.359
2858,74.358
653,74.284
3663,74.269
379,74.205
6842,74.176
1092,74.17
3860,74.121
6346,74.104
1559,74.075
5344,74.066
6108,74.051
1470,74.05
7014,74.045
181,74.038
6759,74.017
5315,74.017
4521,73.991
4620,73.99
1313,73.944
6219,73.856
1754,73.723
3100,73.694
563,73.685
6230,73.676
1677,73.632
5006,73.629
1795,73.592
364,73.586
3722,73.579
5935,73.462
4258,73.387
3918,73.285
5430,73.231
5571,73.172
652,73.01
154,72.987
5181,72.976
861,72.957
3723,72.895
6980,72.775
2233,72.735
1329,72.69
4427,72.662
3785,72.658
5731,72.644
5535,72.589
6359,72.567
2277,72.489
3387,72.426
3466,72.42
3230,72.387
4595,72.381
456,72.377
5492,72.305
2828,72.302
2332,72.26
3749,72.24
5334,72.18
2815,72.165
3692,72.165
6795,72.011
2653,71.972
1693,71.961
6370,71.951
5238,71.929
3097,71.839
4172,71.805
16,71.788
876,71.722
1395,71.701
1491,71.696
2174,71.679
1597,71.679
100,71.648
1796,71.631
5044,71.59
1498,71.556
2825,71.555
385,71.541
4099,71.52
3089,71.513
4251,71.439
1189,71.433
3324,71.428
4012,71.392
1017,71.388
5295,71.307
2886,71.218
1903,71.153
632,71.119
5647,71.11
7043,71.073
6907,71.046
4825,71.026
6276,71.002
4165,70.971
2427,70.85
2574,70.799
6507,70.794
5072,70.785
6931,70.711
4857,70.671
6523,70.662
4875,70.648
2194,70.644
5954,70.623
835,70.616
1989,70.559
4870,70.48
2456,70.445
3379,70.438
2313,70.435
3434,70.396
1865,70.356
6175,70.334
5424,70.317
6504,70.295
304,70.253
1420,70.24
7083,70.207
5896,70.192
2195,70.131
4874,70.103
4354,70.062
532,70.058
5830,70.054
3171,70.014
1388,69.981
3768,69.956
3438,69.944
469,69.918
3631,69.901
3087,69.895
3164,69.804
4971,69.803
583,69.792
5421,69.755
355,69.689
4697,69.612
2710,69.559
5958,69.544
1910,69.535
2186,69.471
452,69.449
2462,69.416
4109,69.406
6326,69.347
1129,69.344
244,69.335
6793,69.29
375,69.264
3996,69.24
5970,69.216
4320,69.179
2953,69.174
3656,69.158
963,69.144
3191,69.141
4562,69.068
5321,69.043
5461,69.037
1429,69.006
3074,68.997
5478,68.969
4596,68.923
2781,68.873
2267,68.841
5258,68.797
3760,68.756
840,68.73
2505,68.726
2532,68.643
2935,68.604
3066,68.58
4993,68.532
766,68.443
508,68.415
1245,68.404
5279,68.243
2691,68.236
6887,68.196
4096,68.14
2596,68.136
349,68.076
2831,68.033
5613,68.026
6310,68.007
2366,68.004
6177,67.96
2788,67.945
2608,67.936
11,67.932
3050,67.927
1756,67.916
6217,67.901
4987,67.889
269,67.864
6010,67.843
290,67.839
6731,67.833
2777,67.794
3538,67.767
5703,67.739
2300,67.697
3826,67.671
2922,67.632
313,67.576
377,67.568
3033,67.56
5893,67.554
6395,67.503
4482,67.446
1724,67.394
4400,67.287
649,67.245
6147,67.242
3317,67.241
4761,67.235
7119,67.151
3734,67.138
3780,67.075
1436,67.072
5095,67.064
1555,67.038
2448,66.998
575,66.984
4803,66.913
3081,66.836
6643,66.806
3921,66.797
2877,66.78
6350,66.753
2796,66.7
833,66.634
672,66.608
5166,66.6
4175,66.47
163,66.382
34,66.363
5062,66.336
4360,66.323
606,66.293
3288,66.292
4950,66.243
3782,66.153
3463,66.091
4918,65.968
3461,65.961
4694,65.894
4021,65.894
1418,65.859
5191,65.853
4398,65.85
4281,65.799
4991,65.762
2076,65.718
3326,65.697
1552,65.595
3137,65.576
3905,65.568
7098,65.554
3639,65.546
6522,65.504
6797,65.426
2374,65.411
266,65.379
3839,65.364
3404,65.334
908,65.312
2408,65.308
3783,65.087
1309,65.052
3056,65.045
5261,65.041
6668,64.992
7000,64.978
5635,64.883
3213,64.867
6969,64.86
3448,64.804
3177,64.766
4260,64.761
4489,64.754
901,64.691
552,64.668
6602,64.591
88,64.565
5887,64.562
1460,64.553
1786,64.536
1144,64.466
3092,64.452
5780,64.39
5084,64.107
5746,64.079
4716,64.051
1252,64.032
2157,63.978
1164,63.885
1524,63.857
3564,63.852
4934,63.818
5803,63.763
1293,63.748
4307,63.681
4328,63.554
176,63.494
6872,63.468
5131,63.429
5276,63.323
1316,63.289
1499,63.279
4249,63.256
5667,63.253
6340,63.16
5739,63.138
6663,63.09
4036,63.086
4095,63.059
6577,63.048
3522,63.048
354,63.023
1701,63.023
5650,63.011
6930,63.001
4451,62.991
2603,62.983
1564,62.972
1905,62.965
3897,62.927
1417,62.867
3771,62.84
2820,62.81
5251,62.793
4371,62.773
5201,62.756
7006,62.709
856,62.701
1813,62.667
4406,62.562
2551,62.44
4188,62.38
894,62.35
2465,62.334
1346,62.318
4378,62.315
2708,62.277
5415,62.231
6418,62.203
1850,62.175
4590,62.094
6335,62.014
2030,61.985
6419,61.93
585,61.887
6620,61.861
2314,61.851
1575,61.831
6163,61.783
6411,61.78
2706,61.754
5920,61.738
5339,61.721
32,61.693
6309,61.68
2654,61.622
6382,61.569
1268,61.564
4760,61.441
2954,61.408
151,61.328
5993,61.157
4830,61.135
104,61.078
4818,61.04
1153,60.957
762,60.879
1866,60.858
2652,60.8
5428,60.682
5813,60.652
4957,60.617
6506,60.576
5902,60.573
5523,60.551
820,60.532
2324,60.45
134,60.402
45,60.391
5482,60.329
5930,60.326
5601,60.214
6948,60.151
6306,60.141
5446,60.132
985,60.075
3148,60.059
3187,60.042
5591,59.952
6397,59.837
772,59.811
5515,59.796
1479,59.785
497,59.772
2640,59.758
2751,59.728
6765,59.727
2856,59.724
6988,59.72
6391,59.672
5941,59.574
6349,59.511
4587,59.501
4848,59.498
35,59.457
720,59.445
2389,59.397
3752,59.337
3609,59.33
6375,59.32
3974,59.147
6894,59.134
2026,59.117
2846,59.105
4409,59.097
2627,59.084
3223,59.071
18,59.022
501,58.966
6649,58.96
7068,58.946
1533,58.942
2483,58.942
817,58.866
1714,58.851
2750,58.816
2333,58.804
3123,58.681
4834,58.642
7055,58.589
4853,58.585
1758,58.584
2258,58.337
3740,58.285
6438,58.242
2725,58.232
6081,58.187
726,58.149
4644,58.063
1560,57.995
5526,57.926
3889,57.866
6942,57.839
2206,57.827
6144,57.809
5529,57.786
4392,57.776
953,57.771
2014,57.736
2050,57.712
435,57.649
4545,57.609
6467,57.598
5713,57.546
6592,57.512
705,57.502
3828,57.5
1976,57.435
5608,57.392
6130,57.368
832,57.306
6542,57.282
7012,57.237
1216,57.1
2012,57.07
4200,57.034
6622,56.953
931,56.932
340,56.932
7120,56.908
3110,56.836
995,56.826
4128,56.787
2945,56.56
966,56.525
4235,56.478
4181,56.459
4416,56.378
2196,56.296
5530,56.236
1768,56.168
5484,55.997
7067,55.956
806,55.955
1860,55.922
4707,55.771
3249,55.761
6156,55.677
2437,55.599
5961,55.509
2504,55.483
4483,55.422
6332,55.338
5485,55.239
6531,55.143
609,55.019
3206,55.01
3922,54.9
230,54.889
5858,54.824
2865,54.774
2036,54.701
5331,54.687
1011,54.546
1360,54.484
4963,54.325
6653,54.317
7087,54.244
4506,54.18
4350,54.142
4599,54.053
733,54.046
5020,54.003
2702,53.995
1050,53.854
6430,53.814
1052,53.797
5260,53.777
2866,53.759
3134,53.652
2683,53.588
1565,53.52
1440,53.509
1781,53.487
346,53.484
6744,53.461
805,53.414
1383,53.412
188,53.388
3415,53.339
595,53.271
2164,53.185
5252,53.173
5770,53.16
486,53.159
1354,53.149
3572,53.121
2323,53.069
2730,52.979
5308,52.917
1328,52.83
5059,52.726
6171,52.701
6445,52.676
2787,52.664
5615,52.643
1836,52.635
2809,52.543
6373,52.54
4908,52.481
5378,52.458
3640,52.453
4709,52.439
6205,52.425
3023,52.397
1734,52.384
4228,52.276
3496,52.184
455,52.171
5070,52.128
3109,52.112
6229,52.093
2288,52.063
1585,52.039
2248,52.013
740,52.008
6196,51.866
6976,51.829
5681,51.823
4452,51.719
6559,51.709
5337,51.707
3122,51.611
5211,51.535
4618,51.454
257,51.451
4434,51.359
6358,51.345
2202,51.197
5771,51.183
1282,51.136
2398,51.087
5426,51.071
6199,51.062
822,50.904
3393,50.88
5508,50.824
1130,50.678
3518,50.622
6110,50.601
3378,50.508
5140,50.505
1630,50.461
5670,50.434
4795,50.433
2118,50.257
5116,50.211
1558,50.19
52,50.075
150,49.942
4773,49.915
3862,49.907
5706,49.823
6166,49.731
6909,49.531
4441,49.53
4352,49.526
2819,49.497
3573,49.478
2907,49.257
836,49.251
1485,49.227
4790,49.103
3587,49.084
5543,49.047
2593,48.976
5888,48.917
1415,48.845
6079,48.817
3887,48.808
6048,48.593
3437,48.583
2089,48.397
4891,48.33
571,48.303
1820,48.293
807,48.23
5671,48.225
6206,48.148
5819,48.13
1922,47.905
3762,47.734
391,47.685
4723,47.656
5480,47.625
5917,47.612
6065,47.573
9,47.522
3890,47.369
5379,47.299
152,47.26
2790,47.254
2950,47.109
5411,47.099
5988,47.061
6895,47.045
5092,47.03
1495,46.998
4858,46.986
2792,46.979
3339,46.923
1193,46.905
3349,46.894
6351,46.729
4598,46.664
3381,46.593
5205,46.526
7049,46.497
4173,46.475
965,46.475
3530,46.447
3195,46.417
1368,46.413
6047,46.378
2422,46.315
5955,46.307
6502,46.291
3703,46.236
961,46.216
4204,46.165
416,46.096
869,46.091
5416,46.059
2628,45.965
2808,45.897
298,45.773
1637,45.735
1259,45.573
2490,45.495
3543,45.464
2606,45.455
3900,45.432
5614,45.373
5136,45.37
2832,45.356
5631,45.337
6613,45.291
664,45.215
324,45.198
5193,45.165
5542,45.144
1937,45.134
3769,45.106
3838,44.98
6360,44.831
3731,44.781
3111,44.748
3721,44.745
2387,44.735
2001,44.719
4903,44.71
333,44.706
5169,44.685
4453,44.659
6561,44.639
880,44.568
4637,44.544
5937,44.512
568,44.497
4002,44.401
1912,44.361
1913,44.295
6786,44.231
1512,44.195
3784,44.191
4145,44.152
1117,44.127
6292,44.037
1151,43.916
5165,43.822
1834,43.796
2942,43.764
3791,43.756
454,43.681
5000,43.665
2369,43.637
4468,43.636
6051,43.571
4739,43.541
3259,43.522
6183,43.507
318,43.494
2644,43.473
1102,43.468
6004,43.29
4490,43.227
2878,43.215
122,43.182
4837,43.124
4953,43.118
1112,43.097
4399,43.096
882,43.088
810,42.986
5176,42.927
3504,42.925
919,42.914
6237,42.808
1572,42.778
4085,42.702
331,42.671
2041,42.634
4068,42.583
5013,42.57
1277,42.542
447,42.421
5567,42.42
5208,42.316
3969,42.298
2848,42.289
4788,42.185
1978,42.185
599,42.173
4206,42.158
1772,42.108
5747,42.034
5187,42.025
6778,41.986
226,41.94
6024,41.878
3562,41.842
6339,41.758
1950,41.716
774,41.705
6140,41.608
3944,41.59
5945,41.519
2742,41.463
899,41.445
5323,41.344
6016,41.316
1566,41.306
3061,41.305
3821,41.272
177,41.225
400,41.135
411,41.078
1338,41.065
6943,41.036
3570,41.011
106,40.986
5394,40.959
1377,40.937
5763,40.912
1529,40.732
2836,40.629
5173,40.619
4256,40.511
2518,40.486
6818,40.47
2106,40.466
4650,40.273
7051,40.227
4089,40.221
4425,40.187
2531,40.177
4164,40.119
4005,40.084
5968,40.044
2997,40.008
1509,39.982
2978,39.92
891,39.861
3880,39.803
1265,39.792
6961,39.788
1020,39.711
5281,39.696
7084,39.662
337,39.647
179,39.565
619,39.544
4581,39.535
2818,39.528
4069,39.524
5249,39.47
5395,39.42
4725,39.308
6566,39.182
2947,39.136
2025,39.108
23,39.063
6296,39.053
2496,39.033
3272,38.981
319,38.96
5355,38.91
4042,38.855
2986,38.829
6656,38.793
393,38.762
4781,38.636
4432,38.596
4032,38.495
2163,38.392
2661,38.381
2385,38.355
2479,38.31
5273,38.192
3505,38.072
6238,37.987
750,37.936
1755,37.928
3928,37.887
3224,37.828
5008,37.809
1043,37.715
5999,37.705
6374,37.694
1600,37.667
5368,37.665
6161,37.618
3865,37.553
2337,37.473
4245,37.461
3732,37.447
6756,37.437
4890,37.311
6631,37.291
1640,37.285
4216,37.055
2759,37.021
3774,36.892
4983,36.884
1330,36.881
731,36.842
2156,36.765
5457,36.737
4346,36.735
3669,36.701
540,36.599
2227,36.587
6807,36.57
3426,36.269
7106,36.21
3536,36.18
1407,36.149
4864,36.149
3346,36.111
49,36.101
2472,35.98
5499,35.97
974,35.896
703,35.836
5938,35.678
2434,35.666
2749,35.636
197,35.634
2133,35.627
4653,35.603
2882,35.557
906,35.475
1358,35.456
3182,35.29
3300,35.29
1076,35.153
3788,35.14
679,35.137
699,35.112
2393,35.066
4713,35.028
2867,34.837
5759,34.821
5113,34.792
7062,34.769
5420,34.686
792,34.561
413,34.498
1109,34.475
8,34.424
3439,34.41
2780,34.271
4217,34.253
631,34.252
5625,34.216
2284,34.064
2082,34.063
6008,34.047
6352,34.026
5586,33.852
4802,33.773
6897,33.667
761,33.638
1482,33.61
4449,33.61
5744,33.565
4561,33.552
2229,33.471
689,33.427
2775,33.408
3877,33.398
5552,33.391
3257,33.348
3359,33.32
1977,33.274
6136,33.228
4911,33.134
3054,33.088
4155,33.045
4944,33.016
4554,33.005
3366,33.002
3938,32.957
6289,32.956
5748,32.816
6683,32.758
5715,32.72
30,32.705
4666,32.691
5048,32.429
2414,32.412
7002,32.369
2535,32.344
5725,32.322
4454,32.236
3221,32.188
512,32.045
3677,32.032
1409,31.988
756,31.964
1728,31.911
6567,31.828
4675,31.815
1486,31.787
7093,31.776
1656,31.657
1222,31.62
3644,31.491
1139,31.459
4893,31.414
3303,31.403
6019,31.375
3290,31.367
1389,31.356
2605,31.329
1696,31.273
1243,31.253
3875,31.227
4574,31.219
6040,31.206
910,31.181
6917,31.173
5007,31.157
4321,31.123
48,31.091
1672,30.914
853,30.88
2919,30.873
3735,30.853
4476,30.783
5328,30.607
4692,30.539
6867,30.48
6378,30.455
6966,30.417
1172,30.412
2361,30.41
6116,30.392
3014,30.244
5822,30.221
1607,30.2
2057,30.119
6478,30.113
1968,30.078
6498,30.075
5016,30.012
6038,29.904
3430,29.884
7,29.849
4035,29.806
6713,29.697
2666,29.638
7059,29.551
2774,29.492
5592,29.48
3553,29.416
6377,29.41
3072,29.287
5776,29.107
4385,29.027
1801,28.982
1106,28.936
4992,28.871
6015,28.85
3796,28.747
2265,28.739
4297,28.66
4033,28.618
3727,28.577
6957,28.454
6704,28.403
6979,28.354
2655,28.347
1521,28.237
6328,28.224
522,28.205
7105,28.17
3348,28.135
5178,28.013
6850,27.997
5305,27.977
2117,27.886
3537,27.826
408,27.822
5294,27.785
3144,27.686
4298,27.55
3712,27.536
1519,27.495
6769,27.43
3818,27.371
6772,27.359
4285,27.321
1514,27.309
4600,27.24
1902,27.208
5519,27.106
2198,27.054
4806,27.033
3457,27.014
2514,26.837
475,26.794
4973,26.766
4197,26.732
2375,26.705
3003,26.682
4365,26.65
60,26.61
3848,26.605
6273,26.522
6776,26.49
1041,26.49
2587,26.422
5832,25.944
3680,25.874
2625,25.763
3015,25.723
4719,25.714
2391,25.609
3648,25.464
4589,25.434
6600,25.426
6320,25.401
3493,25.229
4262,25.001
330,24.97
2713,24.856
4731,24.828
2482,24.708
5289,24.706
3960,24.678
2070,24.678
5061,24.675
5589,24.651
2172,24.594
5470,24.584
6679,24.51
2797,24.492
5556,24.468
2674,24.422
1208,24.413
2752,24.408
1099,24.388
809,24.3
3671,24.256
872,24.252
670,24.228
1136,24.199
4876,24.198
6733,24.184
760,24.178
5606,24.084
753,24.081
4388,23.887
2572,23.77
4195,23.766
3352,23.618
1034,23.512
4465,23.494
4705,23.405
1125,23.401
2481,23.373
1317,23.351
4738,23.315
2058,23.282
39,23.246
489,23.091
6575,23.046
490,23.025
6905,22.98
6873,22.871
5860,22.853
4287,22.853
5463,22.794
994,22.658
3392,22.605
786,22.539
2873,22.53
539,22.513
2244,22.501
2893,22.498
2353,22.494
3764,22.491
4756,22.474
1145,22.431
1906,22.424
1063,22.372
3879,22.364
4588,22.339
3013,22.092
6684,22.046
5720,22.006
6236,21.967
3952,21.896
3142,21.88
791,21.876
1891,21.848
3842,21.779
4844,21.758
4189,21.705
2697,21.701
5568,21.638
4947,21.599
1255,21.591
2705,21.523
3153,21.431
704,21.417
6702,21.365
542,21.323
2116,21.266
3710,20.952
1646,20.804
29,20.804
954,20.774
6222,20.657
4023,20.623
6920,20.528
1871,20.517
2396,20.515
5514,20.406
1211,20.182
509,20.176
3946,20.094
1641,20.064
4112,19.987
2993,19.944
692,19.886
6970,19.877
6955,19.84
3156,19.819
6963,19.781
170,19.766
3733,19.573
283,19.484
1925,19.473
1818,19.472
706,19.439
2061,19.308
2467,19.221
2151,19.146
1349,19.141
1002,19.023
3413,18.977
3253,18.955
6926,18.901
2051,18.879
372,18.844
2294,18.817
732,18.802
1999,18.708
3858,18.666
5978,18.663
3940,18.552
303,18.486
5253,18.46
144,18.412
4097,18.372
6890,18.368
645,18.328
4710,18.327
1501,18.249
4962,18.225
138,18.191
1584,18.075
3874,17.979
6033,17.948
3382,17.912
1064,17.839
2737,17.798
6939,17.723
2033,17.682
2524,17.678
6757,17.604
6380,17.568
1609,17.372
3446,17.33
6398,17.309
4254,17.266
4560,17.264
1263,17.246
6990,17.099
1687,16.99
5282,16.892
4372,16.782
6410,16.771
7052,16.753
350,16.751
4344,16.747
2338,16.744
4075,16.727
6355,16.581
317,16.472
157,16.411
5054,16.399
5687,16.314
850,16.312
5228,16.228
5991,16.207
4519,16.11
4163,16.104
5214,16.076
2992,16.064
6138,15.931
5824,15.72
2254,15.711
5852,15.66
4566,15.631
6995,15.551
3453,15.428
4627,15.279
5441,15.102
4174,15.073
93,15.05
3334,14.829
4619,14.827
5723,14.807
2921,14.667
4747,14.583
4231,14.532
3396,14.527
576,14.515
5812,14.514
6940,14.461
5960,14.435
210,14.384
6861,14.245
1281,14.229
2520,14.189
5383,14.172
2386,14.119
6666,14.063
936,14.02
2293,14.003
1291,13.984
2991,13.98
4,13.967
870,13.967
4852,13.884
4520,13.825
4210,13.735
1,13.602
2576,13.597
2849,13.535
2903,13.528
3545,13.442
6362,13.316
6984,13.071
2433,12.943
4067,12.861
993,12.791
6255,12.71
4902,12.593
6243,12.516
6672,12.469
3814,12.466
3542,12.389
6244,12.35
3322,12.251
1269,12.247
6564,12.179
202,12.121
1568,12.116
4072,12.103
987,12.012
3159,11.941
5198,11.922
3124,11.894
4381,11.857
5400,11.79
5892,11.633
600,11.563
3264,11.54
2274,11.445
1807,11.218
4547,11.162
5948,11.109
4435,11.076
6071,11.003
802,10.981
4082,10.977
4312,10.933
4103,10.891
5933,10.816
6150,10.799
1742,10.769
72,10.725
2672,10.712
4794,10.631
2209,10.559
2894,10.514
2210,10.509
2325,10.5
7058,10.385
5531,10.365
514,10.209
401,10.189
1840,10.128
1416,9.9388
4569,9.9298
1702,9.6984
1532,9.677
6706,9.6199
2442,9.5785
1583,9.5472
3846,9.4713
982,9.4447
2772,9.396
7060,9.3438
1194,9.307
3494,9.2108
2497,9.1554
6441,9.0191
1846,8.8939
3594,8.7676
628,8.6586
6235,8.5373
6996,8.5318
6213,8.4717
5290,8.436
3895,8.3952
1165,8.3949
6910,8.3457
2268,8.2751
2330,8.2565
3037,8.1287
4505,8.0081
4755,7.8902
5792,7.8811
4639,7.863
6644,7.8612
5766,7.854
227,7.7164
4628,7.7161
5184,7.6898
2055,7.6767
1966,7.6596
190,7.6069
4412,7.5705
5678,7.4954
5168,7.4941
6283,7.4263
4446,7.3893
4614,7.2584
6344,7.2364
1494,7.1977
5642,7.1625
6452,6.9997
6368,6.9515
5719,6.9449
3301,6.8932
1159,6.8681
6297,6.7739
915,6.6525
5003,6.6403
3204,6.6364
2312,6.5372
1032,6.5311
2567,6.5032
3869,6.4764
1671,6.4219
2475,6.2868
2939,6.2758
5578,6.2659
1710,6.2651
741,6.2636
4615,6.242
182,6.1
3929,6.0911
2801,6.03
3600,6.0171
3186,5.7804
4288,5.7483
671,5.6298
2272,5.6017
4369,5.5156
4555,5.4302
2395,5.409
6188,5.3329
3193,5.2521
6059,5.2076
5025,5.1336
2404,5.0932
3888,5.0216
4061,5.012
5436,4.9781
1698,4.9678
6764,4.9206
2384,4.7862
2927,4.7823
4930,4.6922
2310,4.6044
2413,4.5748
6700,4.526
4064,4.3428
6005,4.2689
3376,4.1508
471,4.1181
5125,4.1028
4169,4.037
2175,3.9895
5619,3.9009
4291,3.8336
1581,3.745
1306,3.656
3836,3.5355
6681,3.4963
3967,3.4742
5802,3.4255
3347,3.3488
5164,3.3434
4178,3.2501
6146,3.209
4880,3.1874
378,3.09
3755,2.9415
3045,2.8856
3759,2.6613
5664,2.5495
1930,2.542
6739,2.4268
2956,2.415
5080,2.3481
2926,2.1798
1984,1.9557
203,1.7238
719,1.7112
581,1.6966
4430,1.5946
3625,1.4494
4553,1.3615
2162,1.2872
1567,1.2309
526,1.1789
5738,1.1656
2296,1.1547
5787,1.1113
6916,1.086
569,1.0782
7070,1.0678
1771,1.0251
6440,0.96024
4296,0.93047
889,0.8358
549,0.67108
6560,0.61344
3294,0.43993
7114,0.42387
69,0.40553
6606,0.34953
848,0.29529
3468,0.29189
6251,0.22166
4158,0.1276
