1,A28102
2,AB000114
3,AB000115
4,AB000220
5,AB000381
6,AB000409
7,AB000410
8,AB000449
9,AB000450
10,AB000460
11,AB000462
12,AB000464
13,AB000466
14,AB000467
15,AB000468
16,AB000584
17,AB000816
18,AB000895
19,AB000896
20,AB000897
21,AB000905
22,AB001106
23,AB001325
24,AB002314
25,AB002315
26,AB002318
27,AB002332
28,AB002356
29,AB002365
30,AB002366
31,AB002380
32,AB002382
33,AB002409
34,AB002533
35,AB002559
36,AB003102
37,AB003103
38,AB003177
39,AB003698
40,AB004884
41,AB005535
42,AB006190
43,AB006781
44,AB006782
45,AC000061
46,AC000061
47,AC000062
48,AC000063
49,AC000064
50,AC000064
51,AC000066
52,AC000099
53,AC000115
54,AC002045
55,AC002045
56,AC002073
57,AC002076
58,AC002077
59,AC002086
60,AC002115
61,AC002115
62,AC002115
63,AC002115
64,AC002450
65,AC002464
66,AC002477
67,AC002486
68,AD000092
69,AD000092
70,AD000092
71,AD000684
72,AD001527
73,AF000177
74,AF000231
75,AF000234
76,AF000424
77,AF000430
78,AF000545
79,AF000560
80,AF000562
81,AF000573
82,AF000959
83,AF001294
84,AF001359
85,AF001548
86,AF001620
87,AF001787
88,AF002020
89,AF002224
90,AF002700
91,AF003743
92,AF005037
93,AF005043
94,AF005361
95,AF005775
96,AF005887
97,AF006041
98,AF006084
99,AF006087
100,AF006609
101,AF007111
102,AF007551
103,AF007875
104,AF008445
105,AF008937
106,AF009301
107,AF009368
108,AF009426
109,AF009674
110,AF010193
111,AF012024
112,AF012270
113,AF014958
114,AF015910
115,AF015913
116,AF015950
117,AFFX-BioB-3
118,AFFX-BioB-3
119,AFFX-BioB-5
120,AFFX-BioB-5
121,AFFX-BioB-M
122,AFFX-BioB-M
123,AFFX-BioC-3
124,AFFX-BioC-3
125,AFFX-BioC-5
126,AFFX-BioC-5
127,AFFX-BioDn-3
128,AFFX-BioDn-3
129,AFFX-BioDn-5
130,AFFX-BioDn-5
131,AFFX-CreX-3
132,AFFX-CreX-3
133,AFFX-CreX-5
134,AFFX-CreX-5
135,AFFX-DapX-3
136,AFFX-DapX-5
137,AFFX-DapX-M
138,AFFX-HSAC07/X00351
139,AFFX-HSAC07/X00351
140,AFFX-HSAC07/X00351
141,AFFX-HSAC07/X00351
142,AFFX-HSAC07/X00351
143,AFFX-HSAC07/X00351
144,AFFX-HUMGAPDH/M33197
145,AFFX-HUMGAPDH/M33197
146,AFFX-HUMGAPDH/M33197
147,AFFX-HUMGAPDH/M33197
148,AFFX-HUMGAPDH/M33197
149,AFFX-HUMGAPDH/M33197
150,AFFX-HUMISGF3A/M97935
151,AFFX-HUMISGF3A/M97935
152,AFFX-HUMISGF3A/M97935
153,AFFX-HUMISGF3A/M97935
154,AFFX-HUMRGE/M10098
155,AFFX-HUMRGE/M10098
156,AFFX-HUMRGE/M10098
157,AFFX-HUMTFRR/M11507
158,AFFX-HUMTFRR/M11507
159,AFFX-HUMTFRR/M11507
160,AFFX-LysX-3
161,AFFX-LysX-5
162,AFFX-LysX-M
163,AFFX-M27830
164,AFFX-M27830
165,AFFX-M27830
166,AFFX-PheX-3
167,AFFX-PheX-5
168,AFFX-PheX-M
169,AFFX-ThrX-3
170,AFFX-ThrX-5
171,AFFX-ThrX-M
172,AFFX-TrpnX-3
173,AFFX-TrpnX-5
174,AFFX-TrpnX-M
175,AJ000099
176,AJ000480
177,AJ001047
178,AJ001421
179,AJ001487
180,D00003
181,D00003
182,D00017
183,D00097
184,D00408
185,D00408
186,D00591
187,D00596
188,D00632
189,D00654
190,D00723
191,D00726
192,D00749
193,D00760
194,D00761
195,D00762
196,D00763
197,D00860
198,D10040
199,D10202
200,D10326
201,D10495
202,D10511
203,D10522
204,D10523
205,D10537
206,D10656
207,D10667
208,D10704
209,D10922
210,D10923
211,D10925
212,D10995
213,D11086
214,D11094
215,D11139
216,D11151
217,D11327
218,D11428
219,D12485
220,D12620
221,D12625
222,D12676
223,D12686
224,D12763
225,D12775
226,D13118
227,D13146
228,D13168
229,D13264
230,D13305
231,D13315
232,D13370
233,D13413
234,D13435
235,D13540
236,D13626
237,D13627
238,D13628
239,D13630
240,D13631
241,D13633
242,D13634
243,D13635
244,D13636
245,D13637
246,D13638
247,D13639
248,D13640
249,D13641
250,D13642
251,D13643
252,D13644
253,D13645
254,D13666
255,D13705
256,D13720
257,D13748
258,D13789
259,D13814
260,D13897
261,D13900
262,D13969
263,D13988
264,D14043
265,D14134
266,D14446
267,D14497
268,D14520
269,D14530
270,D14533
271,D14657
272,D14658
273,D14659
274,D14660
275,D14661
276,D14662
277,D14663
278,D14664
279,D14678
280,D14686
281,D14689
282,D14694
283,D14695
284,D14710
285,D14811
286,D14812
287,D14822
288,D14823
289,D14826
290,D14827
291,D14838
292,D14874
293,D14878
294,D14889
295,D15049
296,D15050
297,D15057
298,D16105
299,D16154
300,D16181
301,D16217
302,D16227
303,D16294
304,D16350
305,D16469
306,D16480
307,D16481
308,D16532
309,D16562
310,D16581
311,D16583
312,D16593
313,D16611
314,D16626
315,D16688
316,D16815
317,D16827
318,D17357
319,D17390
320,D17391
321,D17400
322,D17408
323,D17427
324,D17461
325,D17516
326,D17525
327,D17532
328,D17547
329,D17570
330,D17716
331,D17793
332,D21063
333,D21089
334,D21090
335,D21163
336,D21205
337,D21235
338,D21239
339,D21241
340,D21255
341,D21260
342,D21261
343,D21262
344,D21267
345,D21337
346,D21851
347,D21852
348,D21853
349,D21878
350,D23660
351,D23662
352,D23673
353,D25215
354,D25216
355,D25217
356,D25218
357,D25248
358,D25274
359,D25278
360,D25303
361,D25304
362,D25328
363,D25538
364,D25539
365,D25547
366,D26018
367,D26067
368,D26068
369,D26069
370,D26070
371,D26129
372,D26135
373,D26155
374,D26156
375,D26308
376,D26350
377,D26361
378,D26362
379,D26443
380,D26528
381,D26535
382,D26561
383,D26561
384,D26561
385,D26579
386,D26598
387,D26599
388,D26600
389,D28114
390,D28118
391,D28124
392,D28137
393,D28235
394,D28364
395,D28383
396,D28416
397,D28423
398,D28473
399,D28476
400,D28483
401,D28532
402,D28539
403,D28588
404,D28589
405,D28791
406,D28915
407,D29012
408,D29013
409,D29640
410,D29641
411,D29642
412,D29643
413,D29675
414,D29675
415,D29677
416,D29805
417,D29810
418,D29833
419,D29954
420,D29956
421,D29958
422,D29963
423,D29992
424,D30036
425,D30037
426,D30655
427,D30715
428,D30742
429,D30755
430,D30756
431,D30758
432,D31628
433,D31716
434,D31762
435,D31763
436,D31764
437,D31765
438,D31766
439,D31767
440,D31784
441,D31797
442,D31815
443,D31833
444,D31840
445,D31846
446,D31883
447,D31884
448,D31885
449,D31886
450,D31887
451,D31888
452,D31889
453,D31890
454,D31891
455,D31897
456,D32001
457,D32002
458,D32050
459,D32129
460,D32202
461,D37781
462,D37931
463,D37965
464,D37984
465,D38024
466,D38037
467,D38047
468,D38048
469,D38073
470,D38076
471,D38081
472,D38122
473,D38128
474,D38145
475,D38163
476,D38251
477,D38293
478,D38305
479,D38437
480,D38449
481,D38462
482,D38491
483,D38496
484,D38498
485,D38500
486,D38502
487,D38503
488,D38521
489,D38522
490,D38524
491,D38535
492,D38537
493,D38548
494,D38549
495,D38550
496,D38551
497,D38552
498,D38553
499,D38555
500,D38583
501,D38751
502,D42038
503,D42039
504,D42040
505,D42041
506,D42043
507,D42044
508,D42045
509,D42046
510,D42047
511,D42053
512,D42054
513,D42055
514,D42063
515,D42072
516,D42073
517,D42084
518,D42085
519,D42087
520,D42108
521,D42123
522,D42138
523,D43636
524,D43638
525,D43642
526,D43682
527,D43767
528,D43768
529,D43772
530,D43947
531,D43948
532,D43949
533,D43950
534,D43951
535,D43968
536,D44466
537,D45132
538,D45248
539,D45370
540,D45371
541,D45399
542,D45906
543,D45917
544,D49354
545,D49357
546,D49372
547,D49387
548,D49394
549,D49396
550,D49400
551,D49410
552,D49487
553,D49488
554,D49489
555,D49490
556,D49493
557,D49677
558,D49728
559,D49738
560,D49742
561,D49817
562,D49818
563,D49824
564,D49824
565,D49950
566,D49958
567,D50063
568,D50310
569,D50312
570,D50370
571,D50402
572,D50405
573,D50477
574,D50487
575,D50495
576,D50525
577,D50532
578,D50550
579,D50582
580,D50640
581,D50645
582,D50663
583,D50678
584,D50683
585,D50692
586,D50810
587,D50840
588,D50855
589,D50857
590,D50863
591,D50911
592,D50912
593,D50913
594,D50914
595,D50915
596,D50916
597,D50917
598,D50918
599,D50919
600,D50920
601,D50922
602,D50923
603,D50924
604,D50925
605,D50926
606,D50927
607,D50928
608,D50930
609,D50931
610,D55638
611,D55640
612,D55643
613,D55654
614,D55696
615,D55716
616,D56495
617,D59253
618,D61380
619,D61391
620,D63134
621,D63135
622,D63160
623,D63390
624,D63391
625,D63412
626,D63475
627,D63476
628,D63477
629,D63478
630,D63479
631,D63480
632,D63481
633,D63482
634,D63483
635,D63484
636,D63485
637,D63486
638,D63487
639,D63506
640,D63813
641,D63851
642,D63861
643,D63874
644,D63875
645,D63876
646,D63877
647,D63878
648,D63879
649,D63880
650,D63881
651,D63882
652,D63940
653,D63998
654,D64015
655,D64053
656,D64108
657,D64109
658,D64110
659,D64142
660,D64154
661,D64158
662,D64159
663,D67029
664,D70830
665,D76435
666,D76444
667,D78011
668,D78012
669,D78014
670,D78129
671,D78132
672,D78134
673,D78151
674,D78156
675,D78261
676,D78275
677,D78333
678,D78334
679,D78335
680,D78361
681,D78367
682,D78514
683,D78577
684,D78586
685,D78611
686,D79205
687,D79206
688,D79983
689,D79984
690,D79985
691,D79986
692,D79987
693,D79988
694,D79989
695,D79990
696,D79991
697,D79992
698,D79993
699,D79994
700,D79995
701,D79996
702,D79997
703,D79998
704,D79999
705,D80000
706,D80001
707,D80002
708,D80003
709,D80004
710,D80005
711,D80006
712,D80007
713,D80008
714,D80009
715,D80010
716,D80011
717,D80012
718,D82060
719,D82061
720,D82070
721,D82326
722,D82343
723,D82344
724,D82345
725,D82346
726,D82347
727,D82348
728,D83004
729,D83017
730,D83018
731,D83032
732,D83174
733,D83195
734,D83243
735,D83260
736,D83407
737,D83542
738,D83597
739,D83646
740,D83657
741,D83699
742,D83702
743,D83703
744,D83735
745,D83767
746,D83776
747,D83777
748,D83778
749,D83779
750,D83780
751,D83781
752,D83782
753,D83783
754,D83784
755,D83785
756,D83920
757,D84110
758,D84145
759,D84239
760,D84276
761,D84294
762,D84307
763,D84361
764,D84424
765,D84454
766,D84557
767,D85131
768,D85181
769,D85245
770,D85376
771,D85418
772,D85423
773,D85425
774,D85429
775,D85433
776,D85527
777,D85758
778,D85759
779,D85815
780,D85939
781,D86043
782,D86062
783,D86096
784,D86096
785,D86096
786,D86331
787,D86425
788,D86479
789,D86519
790,D86549
791,D86550
792,D86640
793,D86956
794,D86957
795,D86958
796,D86959
797,D86960
798,D86961
799,D86962
800,D86963
801,D86964
802,D86965
803,D86966
804,D86967
805,D86968
806,D86969
807,D86970
808,D86971
809,D86972
810,D86973
811,D86974
812,D86975
813,D86976
814,D86977
815,D86978
816,D86979
817,D86980
818,D86981
819,D86982
820,D86983
821,D86984
822,D86985
823,D86988
824,D87002
825,D87009
826,D87011
827,D87012
828,D87017
829,D87023
830,D87024
831,D87071
832,D87073
833,D87074
834,D87075
835,D87076
836,D87077
837,D87078
838,D87116
839,D87119
840,D87120
841,D87127
842,D87258
843,D87292
844,D87328
845,D87432
846,D87433
847,D87434
848,D87435
849,D87436
850,D87437
851,D87438
852,D87440
853,D87442
854,D87443
855,D87444
856,D87445
857,D87446
858,D87447
859,D87448
860,D87449
861,D87450
862,D87451
863,D87452
864,D87453
865,D87454
866,D87455
867,D87457
868,D87458
869,D87459
870,D87460
871,D87461
872,D87462
873,D87463
874,D87464
875,D87465
876,D87466
877,D87467
878,D87468
879,D87469
880,D87470
881,D87673
882,D87682
883,D87683
884,D87684
885,D87685
886,D87716
887,D87735
888,D87742
889,D87743
890,D87845
891,D87937
892,D87953
893,D87957
894,D87969
895,D87989
896,D88146
897,D88152
898,D88155
899,D88213
900,D88270
901,D88378
902,D88422
903,D88460
904,D88532
905,D88613
906,D88667
907,D88795
908,D88797
909,D88799
910,D89016
911,D89050
912,D89052
913,D89077
914,D89289
915,D89377
916,D89377
917,D89501
918,D89667
919,D89858
920,D89859
921,D90042
922,D90064
923,D90070
924,D90084
925,D90086
926,D90097
927,D90209
928,D90224
929,D90276
930,D90279
931,D90282
932,D90359
933,H46990
934,HG1019-HT1019
935,HG1034-HT1034
936,HG1067-HT1067
937,HG1071-HT1071
938,HG1078-HT1078
939,HG1098-HT1098
940,HG110-HT110
941,HG1102-HT1102
942,HG1103-HT1103
943,HG1111-HT1111
944,HG1112-HT1112
945,HG1116-HT1116
946,HG1139-HT4910
947,HG1140-HT4817
948,HG1148-HT1148
949,HG1153-HT1153
950,HG1155-HT4822
951,HG1205-HT1205
952,HG1227-HT1227
953,HG1322-HT5143
954,HG1327-HT1327
955,HG1400-HT1400
956,HG142-HT142
957,HG1428-HT1428
958,HG1437-HT1437
959,HG1471-HT3923
960,HG1496-HT1496
961,HG1515-HT1515
962,HG1595-HT4788
963,HG1602-HT1602
964,HG1604-HT1604
965,HG1612-HT1612
966,HG1614-HT1614
967,HG162-HT3165
968,HG1649-HT1652
969,HG167-HT167
970,HG1686-HT4572
971,HG1699-HT1704
972,HG172-HT3924
973,HG1723-HT1729
974,HG1728-HT1734
975,HG1728-HT1734
976,HG1733-HT1748
977,HG174-HT174
978,HG1747-HT1764
979,HG1751-HT1768
980,HG1751-HT1768
981,HG1761-HT1778
982,HG1763-HT1780
983,HG1783-HT1803
984,HG180-HT180
985,HG1800-HT1823
986,HG1804-HT1829
987,HG1827-HT1856
988,HG1828-HT1857
989,HG1862-HT1897
990,HG1869-HT1904
991,HG1872-HT1907
992,HG1877-HT1917
993,HG1879-HT1919
994,HG1980-HT2023
995,HG1996-HT2044
996,HG2007-HT2056
997,HG2028-HT2082
998,HG2036-HT2090
999,HG2059-HT2114
1000,HG2075-HT2137
1001,HG2090-HT2152
1002,HG210-HT210
1003,HG2139-HT2208
1004,HG2147-HT2217
1005,HG2147-HT2217
1006,HG2148-HT2218
1007,HG2149-HT2219
1008,HG2152-HT2222
1009,HG2157-HT2227
1010,HG2160-HT2230
1011,HG2161-HT2231
1012,HG2167-HT2237
1013,HG2171-HT2241
1014,HG2171-HT2241
1015,HG2175-HT2245
1016,HG2188-HT2258
1017,HG2190-HT2260
1018,HG2191-HT2261
1019,HG2197-HT2267
1020,HG2228-HT2305
1021,HG2229-HT2306
1022,HG2238-HT2321
1023,HG2239-HT2324
1024,HG2239-HT2324
1025,HG2247-HT2332
1026,HG2255-HT2344
1027,HG2259-HT2348
1028,HG2260-HT2349
1029,HG2261-HT2351
1030,HG2261-HT2352
1031,HG2264-HT2360
1032,HG2271-HT2367
1033,HG2271-HT2367
1034,HG2274-HT2370
1035,HG2279-HT2375
1036,HG2280-HT2376
1037,HG2290-HT2386
1038,HG2309-HT2405
1039,HG2314-HT2410
1040,HG2320-HT2416
1041,HG2325-HT2421
1042,HG2339-HT2435
1043,HG2348-HT2444
1044,HG2358-HT4858
1045,HG2365-HT2461
1046,HG2367-HT2463
1047,HG2379-HT3996
1048,HG2379-HT3997
1049,HG2380-HT2476
1050,HG2383-HT4824
1051,HG2414-HT2510
1052,HG2415-HT2511
1053,HG2416-HT2512
1054,HG2417-HT2513
1055,HG243-HT243
1056,HG2441-HT2537
1057,HG2442-HT2538
1058,HG2460-HT2556
1059,HG2463-HT2559
1060,HG2465-HT4871
1061,HG2479-HT2575
1062,HG2479-HT2575
1063,HG2480-HT2576
1064,HG2492-HT2588
1065,HG2507-HT2603
1066,HG2510-HT2606
1067,HG2525-HT2621
1068,HG2530-HT2626
1069,HG2538-HT2634
1070,HG2562-HT2658
1071,HG2564-HT2660
1072,HG2566-HT4792
1073,HG2566-HT4867
1074,HG2573-HT2669
1075,HG2591-HT2687
1076,HG25930-HT26386
1077,HG2600-HT2696
1078,HG2602-HT2698
1079,HG2604-HT2700
1080,HG2614-HT2710
1081,HG2639-HT2735
1082,HG2649-HT2745
1083,HG2662-HT2758
1084,HG2663-HT2759
1085,HG2668-HT2764
1086,HG2686-HT2782
1087,HG2689-HT2785
1088,HG270-HT270
1089,HG2702-HT2798
1090,HG2705-HT2801
1091,HG2706-HT2802
1092,HG2707-HT2803
1093,HG2709-HT2805
1094,HG2714-HT2810
1095,HG2715-HT2811
1096,HG2723-HT2819
1097,HG2724-HT2820
1098,HG273-HT273
1099,HG273-HT273
1100,HG2730-HT2827
1101,HG2730-HT2828
1102,HG274-HT274
1103,HG2743-HT2845
1104,HG2743-HT2846
1105,HG2743-HT3926
1106,HG2755-HT2862
1107,HG2788-HT2896
1108,HG2796-HT2904
1109,HG2797-HT2905
1110,HG2797-HT2905
1111,HG2797-HT2906
1112,HG2809-HT2920
1113,HG2810-HT2921
1114,HG2815-HT2931
1115,HG2815-HT2931
1116,HG2815-HT4023
1117,HG2825-HT2949
1118,HG2841-HT2968
1119,HG2841-HT2969
1120,HG2841-HT2970
1121,HG2846-HT2983
1122,HG2850-HT4814
1123,HG2855-HT2995
1124,HG2868-HT3012
1125,HG2873-HT3017
1126,HG2874-HT3018
1127,HG2887-HT3031
1128,HG2887-HT3031
1129,HG2915-HT3059
1130,HG2917-HT3061
1131,HG2936-HT3080
1132,HG2981-HT3125
1133,HG2981-HT3127
1134,HG2981-HT3938
1135,HG2987-HT3136
1136,HG2992-HT5186
1137,HG2994-HT4850
1138,HG2999-HT4756
1139,HG3033-HT3194
1140,HG3033-HT3194
1141,HG3039-HT3200
1142,HG3044-HT3742
1143,HG3063-HT3224
1144,HG3075-HT3236
1145,HG3076-HT3238
1146,HG3085-HT3254
1147,HG3088-HT3263
1148,HG3104-HT3280
1149,HG3105-HT3281
1150,HG3107-HT3283
1151,HG311-HT311
1152,HG3111-HT3287
1153,HG3115-HT3291
1154,HG3117-HT3293
1155,HG3123-HT3299
1156,HG3125-HT3301
1157,HG3132-HT3308
1158,HG3137-HT3313
1159,HG3141-HT3317
1160,HG3148-HT3324
1161,HG315-HT315
1162,HG3162-HT3339
1163,HG3175-HT3352
1164,HG3187-HT3366
1165,HG3214-HT3391
1166,HG3227-HT3404
1167,HG3231-HT3408
1168,HG3236-HT3413
1169,HG3238-HT4861
1170,HG3242-HT3419
1171,HG3242-HT4231
1172,HG3248-HT3425
1173,HG3254-HT3431
1174,HG3255-HT3432
1175,HG3264-HT3441
1176,HG3286-HT3463
1177,HG3288-HT3465
1178,HG3299-HT3476
1179,HG33-HT33
1180,HG331-HT331
1181,HG3313-HT3490
1182,HG3319-HT3496
1183,HG3327-HT3504
1184,HG3342-HT3519
1185,HG3344-HT3521
1186,HG3345-HT3522
1187,HG3355-HT3532
1188,HG3362-HT3539
1189,HG3364-HT3541
1190,HG3369-HT3546
1191,HG3395-HT3573
1192,HG3400-HT3579
1193,HG3405-HT3586
1194,HG3412-HT3593
1195,HG3415-HT3598
1196,HG3417-HT3600
1197,HG3426-HT3610
1198,HG3431-HT3616
1199,HG3432-HT3618
1200,HG3432-HT3620
1201,HG3432-HT3621
1202,HG3437-HT3628
1203,HG3454-HT3647
1204,HG3477-HT3670
1205,HG3484-HT3678
1206,HG3491-HT3685
1207,HG3492-HT3686
1208,HG3494-HT3688
1209,HG3495-HT3689
1210,HG3502-HT3696
1211,HG3510-HT3704
1212,HG3513-HT3707
1213,HG3514-HT3708
1214,HG3517-HT3711
1215,HG3521-HT3715
1216,HG3523-HT4899
1217,HG3527-HT3721
1218,HG3543-HT3739
1219,HG3546-HT3744
1220,HG3548-HT3749
1221,HG3549-HT3751
1222,HG3565-HT3768
1223,HG3565-HT3768
1224,HG3566-HT3769
1225,HG3570-HT3773
1226,HG3576-HT3779
1227,HG3578-HT3781
1228,HG358-HT358
1229,HG3597-HT3800
1230,HG36-HT4101
1231,HG3627-HT3836
1232,HG363-HT363
1233,HG3635-HT3845
1234,HG3636-HT3846
1235,HG3638-HT3849
1236,HG3638-HT3993
1237,HG37-HT37
1238,HG3703-HT3915
1239,HG3707-HT3922
1240,HG371-HT1063
1241,HG371-HT26388
1242,HG371-HT26388
1243,HG3725-HT3981
1244,HG3729-HT3999
1245,HG3730-HT4000
1246,HG3731-HT4001
1247,HG3731-HT4001
1248,HG3733-HT4003
1249,HG3740-HT4010
1250,HG3748-HT4018
1251,HG3790-HT4060
1252,HG384-HT384
1253,HG3859-HT4129
1254,HG3872-HT4142
1255,HG3884-HT4154
1256,HG3893-HT4163
1257,HG3897-HT4167
1258,HG3914-HT4184
1259,HG3920-HT4521
1260,HG3921-HT4191
1261,HG3925-HT4195
1262,HG3925-HT4195
1263,HG3928-HT4198
1264,HG3928-HT4198
1265,HG3930-HT4200
1266,HG3934-HT4204
1267,HG3936-HT4206
1268,HG3942-HT4212
1269,HG3945-HT4215
1270,HG3954-HT4224
1271,HG3962-HT4232
1272,HG3971-HT4241
1273,HG3976-HT4246
1274,HG3985-HT4255
1275,HG3987-HT4257
1276,HG3989-HT4259
1277,HG3991-HT4261
1278,HG3991-HT4261
1279,HG3992-HT4262
1280,HG3993-HT4263
1281,HG3994-HT4264
1282,HG3995-HT4265
1283,HG3996-HT4266
1284,HG3998-HT4268
1285,HG3999-HT4269
1286,HG4011-HT4804
1287,HG4018-HT4288
1288,HG4020-HT4290
1289,HG4027-HT4297
1290,HG4036-HT4306
1291,HG4051-HT4321
1292,HG4052-HT4322
1293,HG4058-HT4328
1294,HG406-HT406
1295,HG4063-HT4333
1296,HG4068-HT4338
1297,HG4069-HT4339
1298,HG4073-HT4343
1299,HG4074-HT4344
1300,HG4094-HT4364
1301,HG4099-HT4369
1302,HG4102-HT4372
1303,HG4108-HT4378
1304,HG4109-HT4379
1305,HG4113-HT4383
1306,HG4114-HT4384
1307,HG4115-HT4385
1308,HG4116-HT4386
1309,HG4120-HT4392
1310,HG4126-HT4396
1311,HG4128-HT4398
1312,HG4144-HT4414
1313,HG415-HT415
1314,HG4155-HT4425
1315,HG4157-HT4427
1316,HG4165-HT4435
1317,HG4167-HT4437
1318,HG4169-HT4439
1319,HG417-HT417
1320,HG4178-HT4448
1321,HG4185-HT4455
1322,HG4188-HT4458
1323,HG4194-HT4464
1324,HG4234-HT4504
1325,HG4236-HT4506
1326,HG4243-HT4513
1327,HG4245-HT4515
1328,HG4258-HT4528
1329,HG4263-HT4533
1330,HG4264-HT4534
1331,HG4272-HT4542
1332,HG429-HT429
1333,HG4297-HT4567
1334,HG4310-HT4580
1335,HG4312-HT4582
1336,HG4316-HT4586
1337,HG4318-HT4588
1338,HG4319-HT4589
1339,HG4321-HT4591
1340,HG4322-HT4592
1341,HG4332-HT4602
1342,HG4333-HT4603
1343,HG4334-HT4604
1344,HG4336-HT4606
1345,HG4340-HT4610
1346,HG4390-HT4660
1347,HG4411-HT4681
1348,HG4417-HT4687
1349,HG4433-HT4703
1350,HG4458-HT4727
1351,HG4460-HT4729
1352,HG4462-HT4731
1353,HG4480-HT4833
1354,HG4490-HT4876
1355,HG4517-HT4920
1356,HG4518-HT4921
1357,HG4518-HT4921
1358,HG4533-HT4938
1359,HG4535-HT4940
1360,HG4541-HT4946
1361,HG4542-HT4947
1362,HG4557-HT4962
1363,HG4557-HT4962
1364,HG458-HT458
1365,HG4582-HT4987
1366,HG4593-HT4998
1367,HG4606-HT5011
1368,HG4638-HT5050
1369,HG4660-HT5073
1370,HG4662-HT5075
1371,HG4668-HT5083
1372,HG4677-HT5102
1373,HG4679-HT5104
1374,HG4683-HT5108
1375,HG4704-HT5146
1376,HG4716-HT5158
1377,HG4724-HT5166
1378,HG4740-HT5187
1379,HG4747-HT5195
1380,HG4749-HT5197
1381,HG4755-HT5203
1382,HG4757-HT5207
1383,HG491-HT491
1384,HG511-HT511
1385,HG537-HT537
1386,HG544-HT544
1387,HG613-HT613
1388,HG620-HT620
1389,HG627-HT5097
1390,HG627-HT5098
1391,HG64-HT64
1392,HG644-HT644
1393,HG651-HT4201
1394,HG651-HT5209
1395,HG658-HT658
1396,HG662-HT662
1397,HG668-HT4793
1398,HG67-HT67
1399,HG688-HT688
1400,HG721-HT4827
1401,HG721-HT4828
1402,HG732-HT732
1403,HG742-HT742
1404,HG759-HT759
1405,HG821-HT821
1406,HG825-HT825
1407,HG830-HT830
1408,HG831-HT831
1409,HG846-HT846
1410,HG855-HT855
1411,HG862-HT862
1412,HG870-HT870
1413,HG880-HT880
1414,HG880-HT880
1415,HG881-HT881
1416,HG884-HT884
1417,HG896-HT896
1418,HG907-HT907
1419,HG908-HT908
1420,HG909-HT909
1421,HG919-HT919
1422,HG921-HT3995
1423,HG944-HT944
1424,HG945-HT945
1425,HG960-HT960
1426,HG961-HT961
1427,HG982-HT982
1428,HG987-HT987
1429,HG998-HT998
1430,hum
1431,J00073
1432,J00105
1433,J00116
1434,J00117
1435,J00123
1436,J00124
1437,J00129
1438,J00139
1439,J00146
1440,J00148
1441,J00207
1442,J00209
1443,J00210
1444,J00212
1445,J00219
1446,J00220
1447,J00220
1448,J00268
1449,J00277
1450,J00287
1451,J00301
1452,J00306
1453,J00314
1454,J02611
1455,J02621
1456,J02645
1457,J02683
1458,J02758
1459,J02783
1460,J02843
1461,J02854
1462,J02871
1463,J02874
1464,J02876
1465,J02883
1466,J02888
1467,J02902
1468,J02906
1469,J02923
1470,J02943
1471,J02947
1472,J02960
1473,J02963
1474,J02973
1475,J02982
1476,J02986
1477,J03027
1478,J03040
1479,J03060
1480,J03068
1481,J03069
1482,J03071
1483,J03077
1484,J03133
1485,J03161
1486,J03171
1487,J03191
1488,J03241
1489,J03242
1490,J03258
1491,J03260
1492,J03263
1493,J03278
1494,J03459
1495,J03473
1496,J03474
1497,J03507
1498,J03589
1499,J03592
1500,J03600
1501,J03626
1502,J03634
1503,J03756
1504,J03764
1505,J03778
1506,J03779
1507,J03798
1508,J03801
1509,J03805
1510,J03810
1511,J03824
1512,J03827
1513,J03890
1514,J03909
1515,J03910
1516,J03915
1517,J03925
1518,J03930
1519,J03934
1520,J04027
1521,J04029
1522,J04031
1523,J04040
1524,J04046
1525,J04056
1526,J04058
1527,J04076
1528,J04080
1529,J04088
1530,J04093
1531,J04101
1532,J04102
1533,J04111
1534,J04130
1535,J04132
1536,J04152
1537,J04156
1538,J04162
1539,J04164
1540,J04168
1541,J04173
1542,J04177
1543,J04182
1544,J04430
1545,J04444
1546,J04449
1547,J04456
1548,J04469
1549,J04501
1550,J04513
1551,J04543
1552,J04599
1553,J04605
1554,J04611
1555,J04615
1556,J04617
1557,J04621
1558,J04739
1559,J04742
1560,J04760
1561,J04794
1562,J04809
1563,J04810
1564,J04823
1565,J04948
1566,J04970
1567,J04973
1568,J04982
1569,J04988
1570,J04990
1571,J05008
1572,J05016
1573,J05032
1574,J05036
1575,J05037
1576,J05068
1577,J05070
1578,J05073
1579,J05096
1580,J05125
1581,J05158
1582,J05200
1583,J05213
1584,J05243
1585,J05249
1586,J05252
1587,J05253
1588,J05257
1589,J05272
1590,J05401
1591,J05412
1592,J05428
1593,J05448
1594,J05459
1595,J05500
1596,J05556
1597,J05582
1598,J05614
1599,J05633
1600,J05682
1601,K01160
1602,K01383
1603,K01396
1604,K01884
1605,K01900
1606,K01911
1607,K02054
1608,K02100
1609,K02215
1610,K02268
1611,K02402
1612,K02405
1613,K02545
1614,K02574
1615,K02765
1616,K02766
1617,K02777
1618,K02882
1619,K03008
1620,K03008
1621,K03021
1622,K03183
1623,K03189
1624,K03192
1625,K03195
1626,K03204
1627,K03207
1628,K03218
1629,K03430
1630,K03431
1631,K03460
1632,K03474
1633,K03494
1634,K03498
1635,K03515
1636,L00022
1637,L00058
1638,L00137
1639,L00190
1640,L00205
1641,L00352
1642,L00354
1643,L00389
1644,L00634
1645,L00635
1646,L00972
1647,L01042
1648,L01087
1649,L01406
1650,L01664
1651,L02320
1652,L02321
1653,L02326
1654,L02426
1655,L02547
1656,L02648
1657,L02785
1658,L02840
1659,L02867
1660,L02932
1661,L02950
1662,L03411
1663,L03427
1664,L03532
1665,L03785
1666,L03840
1667,L04270
1668,L04282
1669,L04483
1670,L04490
1671,L04510
1672,L04569
1673,L04656
1674,L04731
1675,L04733
1676,L04751
1677,L04947
1678,L04953
1679,L05072
1680,L05144
1681,L05147
1682,L05148
1683,L05187
1684,L05188
1685,L05424
1686,L05425
1687,L05500
1688,L05512
1689,L05514
1690,L05515
1691,L05568
1692,L05597
1693,L05606
1694,L05624
1695,L05628
1696,L05779
1697,L06132
1698,L06133
1699,L06139
1700,L06147
1701,L06175
1702,L06419
1703,L06499
1704,L06505
1705,L06633
1706,L06797
1707,L06845
1708,L06895
1709,L07033
1710,L07044
1711,L07077
1712,L07261
1713,L07493
1714,L07515
1715,L07540
1716,L07541
1717,L07548
1718,L07590
1719,L07592
1720,L07594
1721,L07597
1722,L07615
1723,L07633
1724,L07648
1725,L07738
1726,L07758
1727,L07765
1728,L07807
1729,L07868
1730,L07919
1731,L07949
1732,L07956
1733,L08010
1734,L08044
1735,L08069
1736,L08096
1737,L08177
1738,L08187
1739,L08246
1740,L08424
1741,L08485
1742,L08488
1743,L08666
1744,L08835
1745,L08895
1746,L08904
1747,L09190
1748,L09209
1749,L09229
1750,L09230
1751,L09234
1752,L09235
1753,L09260
1754,L09604
1755,L09708
1756,L09717
1757,L09749
1758,L09753
1759,L10035
1760,L10102
1761,L10123
1762,L10284
1763,L10333
1764,L10338
1765,L10343
1766,L10373
1767,L10374
1768,L10377
1769,L10378
1770,L10381
1771,L10386
1772,L10403
1773,L10405
1774,L10413
1775,L10615
1776,L10665
1777,L10678
1778,L10717
1779,L10838
1780,L10844
1781,L10910
1782,L10955
1783,L11005
1784,L11066
1785,L11238
1786,L11239
1787,L11244
1788,L11284
1789,L11285
1790,L11329
1791,L11353
1792,L11369
1793,L11370
1794,L11372
1795,L11373
1796,L11566
1797,L11573
1798,L11669
1799,L11672
1800,L11672
1801,L11695
1802,L11701
1803,L11702
1804,L11708
1805,L11931
1806,L12052
1807,L12060
1808,L12168
1809,L12350
1810,L12392
1811,L12468
1812,L12535
1813,L12701
1814,L12711
1815,L12723
1816,L12760
1817,L13042
1818,L13197
1819,L13203
1820,L13210
1821,L13258
1822,L13266
1823,L13278
1824,L13286
1825,L13329
1826,L13391
1827,L13434
1828,L13436
1829,L13689
1830,L13698
1831,L13720
1832,L13738
1833,L13740
1834,L13744
1835,L13761
1836,L13773
1837,L13800
1838,L13848
1839,L13852
1840,L13923
1841,L13939
1842,L13943
1843,L13972
1844,L13977
1845,L13994
1846,L14076
1847,L14269
1848,L14430
1849,L14542
1850,L14565
1851,L14595
1852,L14754
1853,L14778
1854,L14787
1855,L14812
1856,L14813
1857,L14837
1858,L14848
1859,L14856
1860,L14922
1861,L14927
1862,L15189
1863,L15296
1864,L15309
1865,L15326
1866,L15344
1867,L15388
1868,L15409
1869,L15440
1870,L15533
1871,L15702
1872,L16464
1873,L16782
1874,L16842
1875,L16862
1876,L16895
1877,L16896
1878,L16991
1879,L17075
1880,L17128
1881,L17131
1882,L17325
1883,L17327
1884,L17328
1885,L17330
1886,L17418
1887,L18877
1888,L18920
1889,L18960
1890,L18972
1891,L18983
1892,L19058
1893,L19063
1894,L19067
1895,L19161
1896,L19183
1897,L19267
1898,L19297
1899,L19314
1900,L19401
1901,L19437
1902,L19493
1903,L19527
1904,L19593
1905,L19605
1906,L19686
1907,L19711
1908,L19778
1909,L19779
1910,L19783
1911,L19871
1912,L19872
1913,L20010
1914,L20298
1915,L20316
1916,L20320
1917,L20321
1918,L20348
1919,L20433
1920,L20469
1921,L20591
1922,L20688
1923,L20773
1924,L20814
1925,L20815
1926,L20826
1927,L20852
1928,L20859
1929,L20860
1930,L20861
1931,L20941
1932,L20965
1933,L20971
1934,L21715
1935,L21893
1936,L21934
1937,L21936
1938,L21954
1939,L21993
1940,L21998
1941,L22005
1942,L22009
1943,L22075
1944,L22206
1945,L22214
1946,L22342
1947,L22343
1948,L22454
1949,L22524
1950,L22548
1951,L22569
1952,L22650
1953,L23116
1954,L23333
1955,L23808
1956,L23852
1957,L23959
1958,L24203
1959,L24470
1960,L24559
1961,L24564
1962,L24774
1963,L24783
1964,L24804
1965,L24893
1966,L25080
1967,L25081
1968,L25085
1969,L25119
1970,L25270
1971,L25286
1972,L25441
1973,L25444
1974,L25798
1975,L25851
1976,L25876
1977,L25878
1978,L25931
1979,L26081
1980,L26234
1981,L26247
1982,L26336
1983,L26339
1984,L26494
1985,L26584
1986,L26953
1987,L27050
1988,L27071
1989,L27080
1990,L27213
1991,L27476
1992,L27479
1993,L27559
1994,L27560
1995,L27584
1996,L27586
1997,L27624
1998,L27706
1999,L27841
2000,L27943
2001,L28010
2002,L28175
2003,L28821
2004,L28957
2005,L28997
2006,L29008
2007,L29217
2008,L29218
2009,L29277
2010,L29306
2011,L29339
2012,L29376
2013,L29433
2014,L31529
2015,L31573
2016,L31584
2017,L31801
2018,L31860
2019,L31881
2020,L32137
2021,L32140
2022,L32163
2023,L32164
2024,L32179
2025,L32606
2026,L32831
2027,L32832
2028,L32866
2029,L32961
2030,L32976
2031,L32977
2032,L33075
2033,L33243
2034,L33262
2035,L33404
2036,L33477
2037,L33798
2038,L33799
2039,L33801
2040,L33842
2041,L33881
2042,L33930
2043,L34035
2044,L34059
2045,L34060
2046,L34075
2047,L34081
2048,L34155
2049,L34219
2050,L34355
2051,L34357
2052,L34363
2053,L34409
2054,L34587
2055,L34600
2056,L34657
2057,L34673
2058,L34820
2059,L34838
2060,L35035
2061,L35240
2062,L35249
2063,L35251
2064,L35253
2065,L35263
2066,L35269
2067,L35475
2068,L35545
2069,L35546
2070,L35592
2071,L35594
2072,L35854
2073,L36033
2074,L36051
2075,L36069
2076,L36151
2077,L36463
2078,L36529
2079,L36531
2080,L36642
2081,L36644
2082,L36645
2083,L36720
2084,L36818
2085,L36844
2086,L36847
2087,L36861
2088,L36870
2089,L36922
2090,L36983
2091,L37033
2092,L37036
2093,L37042
2094,L37043
2095,L37112
2096,L37127
2097,L37199
2098,L37347
2099,L37360
2100,L37362
2101,L37368
2102,L37378
2103,L37792
2104,L37868
2105,L37882
2106,L37936
2107,L38025
2108,L38486
2109,L38487
2110,L38490
2111,L38500
2112,L38503
2113,L38517
2114,L38593
2115,L38608
2116,L38616
2117,L38696
2118,L38707
2119,L38810
2120,L38820
2121,L38928
2122,L38929
2123,L38932
2124,L38933
2125,L38935
2126,L38941
2127,L38951
2128,L38961
2129,L38969
2130,L39009
2131,L39059
2132,L39060
2133,L39061
2134,L39064
2135,L39211
2136,L39833
2137,L39874
2138,L40027
2139,L40157
2140,L40357
2141,L40366
2142,L40371
2143,L40377
2144,L40379
2145,L40380
2146,L40384
2147,L40386
2148,L40387
2149,L40388
2150,L40391
2151,L40392
2152,L40393
2153,L40394
2154,L40395
2155,L40396
2156,L40397
2157,L40399
2158,L40400
2159,L40401
2160,L40402
2161,L40403
2162,L40407
2163,L40410
2164,L40411
2165,L40586
2166,L40636
2167,L40904
2168,L40933
2169,L40992
2170,L41066
2171,L41067
2172,L41143
2173,L41147
2174,L41162
2175,L41268
2176,L41349
2177,L41351
2178,L41390
2179,L41559
2180,L41607
2181,L41668
2182,L41680
2183,L41690
2184,L41816
2185,L41870
2186,L41887
2187,L41913
2188,L41919
2189,L41939
2190,L42025
2191,L42176
2192,L42243
2193,L42324
2194,L42354
2195,L42373
2196,L42374
2197,L42379
2198,L42450
2199,L42451
2200,L42452
2201,L42542
2202,L42563
2203,L42572
2204,L42583
2205,L42601
2206,L42611
2207,L42621
2208,L43338
2209,L43366
2210,L43575
2211,L43576
2212,L43579
2213,L43579
2214,L43631
2215,L43821
2216,L43964
2217,L44140
2218,L46353
2219,L46720
2220,L47125
2221,L47276
2222,L47345
2223,L47726
2224,L47738
2225,L48211
2226,L48513
2227,L48516
2228,L48546
2229,L48692
2230,L48728
2231,L49054
2232,L49169
2233,L49173
2234,L49209
2235,L49218
2236,L49219
2237,L49229
2238,L49380
2239,L75847
2240,L76159
2241,L76191
2242,L76200
2243,L76224
2244,L76380
2245,L76465
2246,L76517
2247,L76528
2248,L76568
2249,L76569
2250,L76571
2251,L76627
2252,L76670
2253,L76687
2254,L76702
2255,L76703
2256,L76927
2257,L76937
2258,L77213
2259,L77559
2260,L77561
2261,L77563
2262,L77566
2263,L77567
2264,L77571
2265,L77701
2266,L77730
2267,L77864
2268,L77886
2269,L78132
2270,L78267
2271,L78440
2272,L78833
2273,L78833
2274,L78833
2275,M10014
2276,M10050
2277,M10051
2278,M10058
2279,M10277
2280,M10321
2281,M10612
2282,M10901
2283,M10942
2284,M10943
2285,M10950
2286,M11025
2287,M11058
2288,M11119
2289,M11147
2290,M11186
2291,M11313
2292,M11321
2293,M11353
2294,M11433
2295,M11437
2296,M11437
2297,M11567
2298,M11591
2299,M11717
2300,M11718
2301,M11722
2302,M11726
2303,M11749
2304,M11973
2305,M12036
2306,M12125
2307,M12174
2308,M12529
2309,M12625
2310,M12759
2311,M12783
2312,M12886
2313,M12959
2314,M12963
2315,M13058
2316,M13143
2317,M13149
2318,M13150
2319,M13194
2320,M13207
2321,M13232
2322,M13241
2323,M13450
2324,M13452
2325,M13485
2326,M13560
2327,M13577
2328,M13666
2329,M13686
2330,M13690
2331,M13699
2332,M13755
2333,M13792
2334,M13829
2335,M13903
2336,M13928
2337,M13929
2338,M13934
2339,M13934
2340,M13955
2341,M13981
2342,M13982
2343,M13994
2344,M14016
2345,M14058
2346,M14091
2347,M14113
2348,M14123
2349,M14123
2350,M14123
2351,M14123
2352,M14158
2353,M14159
2354,M14199
2355,M14200
2356,M14218
2357,M14219
2358,M14306
2359,M14328
2360,M14338
2361,M14483
2362,M14539
2363,M14565
2364,M14636
2365,M14648
2366,M14660
2367,M14676
2368,M14745
2369,M14758
2370,M14764
2371,M14949
2372,M15059
2373,M15169
2374,M15182
2375,M15205
2376,M15353
2377,M15395
2378,M15465
2379,M15517
2380,M15517
2381,M15656
2382,M15661
2383,M15780
2384,M15796
2385,M15841
2386,M15856
2387,M15881
2388,M15958
2389,M15990
2390,M16038
2391,M16276
2392,M16279
2393,M16282
2394,M16336
2395,M16342
2396,M16364
2397,M16404
2398,M16405
2399,M16424
2400,M16441
2401,M16447
2402,M16474
2403,M16505
2404,M16591
2405,M16594
2406,M16652
2407,M16652
2408,M16653
2409,M16707
2410,M16707
2411,M16714
2412,M16750
2413,M16801
2414,M16937
2415,M16938
2416,M16961
2417,M16967
2418,M16973
2419,M17183
2420,M17219
2421,M17236
2422,M17236
2423,M17252
2424,M17254
2425,M17262
2426,M17316
2427,M17446
2428,M17466
2429,M17733
2430,M17754
2431,M17863
2432,M17885
2433,M17886
2434,M18000
2435,M18079
2436,M18185
2437,M18255
2438,M18391
2439,M18533
2440,M18700
2441,M18728
2442,M18731
2443,M18737
2444,M19045
2445,M19154
2446,M19159
2447,M19267
2448,M19283
2449,M19301
2450,M19309
2451,M19311
2452,M19311
2453,M19481
2454,M19483
2455,M19507
2456,M19508
2457,M19645
2458,M19650
2459,M19684
2460,M19720
2461,M19720
2462,M19722
2463,M19828
2464,M19878
2465,M19878
2466,M19888
2467,M19961
2468,M19989
2469,M19989
2470,M20030
2471,M20137
2472,M20203
2473,M20218
2474,M20471
2475,M20530
2476,M20543
2477,M20566
2478,M20642
2479,M20681
2480,M20747
2481,M20777
2482,M20778
2483,M20786
2484,M20867
2485,M20902
2486,M20919
2487,M21005
2488,M21056
2489,M21064
2490,M21119
2491,M21121
2492,M21142
2493,M21154
2494,M21186
2495,M21188
2496,M21259
2497,M21302
2498,M21305
2499,M21388
2500,M21388
2501,M21389
2502,M21494
2503,M21535
2504,M21539
2505,M21551
2506,M21574
2507,M21624
2508,M21642
2509,M21642
2510,M21665
2511,M21812
2512,M21904
2513,M21934
2514,M21984
2515,M21985
2516,M22005
2517,M22092
2518,M22324
2519,M22348
2520,M22382
2521,M22403
2522,M22430
2523,M22489
2524,M22490
2525,M22538
2526,M22612
2527,M22632
2528,M22638
2529,M22760
2530,M22877
2531,M22898
2532,M22919
2533,M22960
2534,M22976
2535,M22995
2536,M23114
2537,M23161
2538,M23178
2539,M23197
2540,M23234
2541,M23254
2542,M23263
2543,M23294
2544,M23323
2545,M23379
2546,M23533
2547,M23575
2548,M23613
2549,M23668
2550,M23892
2551,M24069
2552,M24122
2553,M24194
2554,M24248
2555,M24283
2556,M24349
2557,M24351
2558,M24351
2559,M24364
2560,M24398
2561,M24400
2562,M24439
2563,M24461
2564,M24470
2565,M24485
2566,M24486
2567,M24594
2568,M24736
2569,M24748
2570,M24766
2571,M24899
2572,M24900
2573,M24902
2574,M25077
2575,M25079
2576,M25164
2577,M25269
2578,M25280
2579,M25296
2580,M25322
2581,M25393
2582,M25629
2583,M25667
2584,M25753
2585,M25756
2586,M25809
2587,M25897
2588,M26004
2589,M26041
2590,M26061
2591,M26062
2592,M26167
2593,M26311
2594,M26576
2595,M26602
2596,M26657
2597,M26665
2598,M26665
2599,M26679
2600,M26682
2601,M26683
2602,M26692
2603,M26708
2604,M26730
2605,M26856
2606,M26880
2607,M26901
2608,M26958
2609,M27093
2610,M27160
2611,M27161
2612,M27281
2613,M27288
2614,M27318
2615,M27394
2616,M27396
2617,M27436
2618,M27492
2619,M27504
2620,M27533
2621,M27543
2622,M27691
2623,M27749
2624,M27749
2625,M27783
2626,M27819
2627,M27826
2628,M27878
2629,M27891
2630,M27968
2631,M28130
2632,M28170
2633,M28209
2634,M28210
2635,M28211
2636,M28212
2637,M28213
2638,M28214
2639,M28215
2640,M28219
2641,M28249
2642,M28439
2643,M28585
2644,M28713
2645,M28825
2646,M28826
2647,M28827
2648,M28879
2649,M28882
2650,M28983
2651,M29037
2652,M29064
2653,M29194
2654,M29204
2655,M29273
2656,M29277
2657,M29277
2658,M29335
2659,M29335
2660,M29386
2661,M29458
2662,M29474
2663,M29536
2664,M29540
2665,M29550
2666,M29551
2667,M29580
2668,M29581
2669,M29610
2670,M29610
2671,M29696
2672,M29874
2673,M29877
2674,M29927
2675,M29932
2676,M29960
2677,M29971
2678,M29994
2679,M30135
2680,M30185
2681,M30257
2682,M30269
2683,M30448
2684,M30496
2685,M30607
2686,M30625
2687,M30703
2688,M30773
2689,M30818
2690,M30838
2691,M30894
2692,M30938
2693,M31013
2694,M31153
2695,M31158
2696,M31165
2697,M31166
2698,M31169
2699,M31210
2700,M31211
2701,M31241
2702,M31303
2703,M31328
2704,M31423
2705,M31516
2706,M31520
2707,M31520
2708,M31520
2709,M31523
2710,M31525
2711,M31551
2712,M31606
2713,M31627
2714,M31642
2715,M31651
2716,M31659
2717,M31661
2718,M31667
2719,M31682
2720,M31724
2721,M31774
2722,M31776
2723,M31899
2724,M31932
2725,M31951
2726,M31994
2727,M32011
2728,M32053
2729,M32304
2730,M32313
2731,M32315
2732,M32334
2733,M32373
2734,M32402
2735,M32405
2736,M32578
2737,M32598
2738,M32639
2739,M32879
2740,M32879
2741,M32886
2742,M33195
2743,M33308
2744,M33317
2745,M33318
2746,M33336
2747,M33374
2748,M33478
2749,M33493
2750,M33518
2751,M33521
2752,M33552
2753,M33600
2754,M33653
2755,M33680
2756,M33684
2757,M33764
2758,M33772
2759,M33882
2760,M33987
2761,M34041
2762,M34057
2763,M34065
2764,M34079
2765,M34175
2766,M34181
2767,M34182
2768,M34192
2769,M34276
2770,M34309
2771,M34338
2772,M34344
2773,M34353
2774,M34376
2775,M34423
2776,M34455
2777,M34458
2778,M34516
2779,M34516
2780,M34539
2781,M34667
2782,M34668
2783,M34677
2784,M34715
2785,M34996
2786,M35093
2787,M35128
2788,M35198
2789,M35252
2790,M35296
2791,M35416
2792,M35531
2793,M35851
2794,M35878
2795,M35999
2796,M36067
2797,M36072
2798,M36089
2799,M36118
2800,M36200
2801,M36205
2802,M36284
2803,M36341
2804,M36429
2805,M36430
2806,M36542
2807,M36634
2808,M36653
2809,M36803
2810,M37033
2811,M37075
2812,M37104
2813,M37190
2814,M37197
2815,M37238
2816,M37245
2817,M37271
2818,M37400
2819,M37435
2820,M37457
2821,M37457
2822,M37485
2823,M37583
2824,M37712
2825,M37721
2826,M37755
2827,M37763
2828,M37766
2829,M37815
2830,M37825
2831,M37981
2832,M37984
2833,M38180
2834,M38258
2835,M38449
2836,M38591
2837,M38690
2838,M54914
2839,M54915
2840,M54927
2841,M54951
2842,M54968
2843,M54992
2844,M54995
2845,M55024
2846,M55040
2847,M55047
2848,M55067
2849,M55131
2850,M55150
2851,M55153
2852,M55172
2853,M55210
2854,M55265
2855,M55267
2856,M55268
2857,M55284
2858,M55409
2859,M55418
2860,M55419
2861,M55420
2862,M55422
2863,M55513
2864,M55531
2865,M55542
2866,M55543
2867,M55593
2868,M55621
2869,M55671
2870,M55682
2871,M55683
2872,M55905
2873,M55998
2874,M57230
2875,M57293
2876,M57399
2877,M57423
2878,M57464
2879,M57466
2880,M57471
2881,M57506
2882,M57567
2883,M57609
2884,M57703
2885,M57710
2886,M57730
2887,M57731
2888,M57732
2889,M57763
2890,M57892
2891,M58026
2892,M58028
2893,M58285
2894,M58286
2895,M58297
2896,M58378
2897,M58459
2898,M58460
2899,M58509
2900,M58525
2901,M58569
2902,M58583
2903,M58597
2904,M58600
2905,M58603
2906,M59216
2907,M59371
2908,M59465
2909,M59488
2910,M59499
2911,M59807
2912,M59815
2913,M59820
2914,M59829
2915,M59830
2916,M59911
2917,M59916
2918,M59941
2919,M59964
2920,M59979
2921,M60047
2922,M60052
2923,M60091
2924,M60092
2925,M60094
2926,M60165
2927,M60278
2928,M60284
2929,M60298
2930,M60299
2931,M60314
2932,M60315
2933,M60331
2934,M60450
2935,M60459
2936,M60483
2937,M60503
2938,M60527
2939,M60556
2940,M60614
2941,M60626
2942,M60721
2943,M60724
2944,M60746
2945,M60748
2946,M60749
2947,M60750
2948,M60751
2949,M60752
2950,M60784
2951,M60828
2952,M60830
2953,M60854
2954,M60858
2955,M60891
2956,M60922
2957,M60974
2958,M61156
2959,M61176
2960,M61199
2961,M61733
2962,M61764
2963,M61826
2964,M61827
2965,M61832
2966,M61853
2967,M61855
2968,M61906
2969,M61916
2970,M62302
2971,M62303
2972,M62324
2973,M62397
2974,M62400
2975,M62402
2976,M62403
2977,M62424
2978,M62486
2979,M62505
2980,M62628
2981,M62762
2982,M62782
2983,M62783
2984,M62800
2985,M62810
2986,M62831
2987,M62840
2988,M62843
2989,M62958
2990,M62982
2991,M62994
2992,M63138
2993,M63154
2994,M63167
2995,M63175
2996,M63180
2997,M63256
2998,M63262
2999,M63379
3000,M63391
3001,M63438
3002,M63483
3003,M63488
3004,M63573
3005,M63582
3006,M63589
3007,M63603
3008,M63623
3009,M63835
3010,M63838
3011,M63896
3012,M63904
3013,M63928
3014,M63959
3015,M63962
3016,M63967
3017,M64082
3018,M64098
3019,M64099
3020,M64108
3021,M64174
3022,M64231
3023,M64269
3024,M64347
3025,M64358
3026,M64497
3027,M64554
3028,M64571
3029,M64572
3030,M64590
3031,M64595
3032,M64673
3033,M64676
3034,M64710
3035,M64716
3036,M64752
3037,M64788
3038,M64925
3039,M64929
3040,M64930
3041,M64934
3042,M64936
3043,M64992
3044,M65062
3045,M65066
3046,M65085
3047,M65131
3048,M65134
3049,M65199
3050,M65214
3051,M65217
3052,M65254
3053,M65290
3054,M65291
3055,M65292
3056,M67439
3057,M67468
3058,M68516
3059,M68519
3060,M68520
3061,M68840
3062,M68864
3063,M68874
3064,M68891
3065,M68895
3066,M68907
3067,M68941
3068,M69013
3069,M69023
3070,M69039
3071,M69043
3072,M69066
3073,M69177
3074,M69181
3075,M69197
3076,M69203
3077,M69225
3078,M69238
3079,M71243
3080,M72885
3081,M73047
3082,M73077
3083,M73239
3084,M73481
3085,M73482
3086,M73489
3087,M73547
3088,M73548
3089,M73720
3090,M73746
3091,M73780
3092,M74002
3093,M74047
3094,M74088
3095,M74089
3096,M74091
3097,M74093
3098,M74096
3099,M74099
3100,M74161
3101,M74290
3102,M74297
3103,M74447
3104,M74491
3105,M74509
3106,M74524
3107,M74525
3108,M74542
3109,M74558
3110,M74587
3111,M74715
3112,M74719
3113,M74826
3114,M75099
3115,M75106
3116,M75110
3117,M75126
3118,M75715
3119,M76125
3120,M76180
3121,M76231
3122,M76378
3123,M76424
3124,M76446
3125,M76482
3126,M76558
3127,M76559
3128,M76665
3129,M76729
3130,M76732
3131,M76766
3132,M77016
3133,M77140
3134,M77142
3135,M77144
3136,M77232
3137,M77235
3138,M77348
3139,M77349
3140,M77481
3141,M77698
3142,M77810
3143,M77829
3144,M77836
3145,M79462
3146,M79463
3147,M80244
3148,M80254
3149,M80333
3150,M80335
3151,M80359
3152,M80397
3153,M80478
3154,M80482
3155,M80563
3156,M80629
3157,M80647
3158,M80783
3159,M80899
3160,M81057
3161,M81118
3162,M81181
3163,M81182
3164,M81379
3165,M81601
3166,M81637
3167,M81650
3168,M81695
3169,M81750
3170,M81757
3171,M81758
3172,M81778
3173,M81780
3174,M81780
3175,M81780
3176,M81829
3177,M81830
3178,M81882
3179,M81883
3180,M81886
3181,M81933
3182,M82809
3183,M82827
3184,M82882
3185,M82919
3186,M82962
3187,M83088
3188,M83181
3189,M83186
3190,M83216
3191,M83221
3192,M83233
3193,M83308
3194,M83363
3195,M83554
3196,M83651
3197,M83652
3198,M83664
3199,M83667
3200,M83712
3201,M83738
3202,M83751
3203,M83772
3204,M83822
3205,M83941
3206,M84332
3207,M84349
3208,M84371
3209,M84424
3210,M84526
3211,M84605
3212,M84711
3213,M84739
3214,M84820
3215,M85085
3216,M85164
3217,M85165
3218,M85169
3219,M85217
3220,M85220
3221,M85247
3222,M85276
3223,M85289
3224,M86383
3225,M86400
3226,M86406
3227,M86407
3228,M86528
3229,M86546
3230,M86667
3231,M86699
3232,M86707
3233,M86737
3234,M86752
3235,M86757
3236,M86808
3237,M86826
3238,M86849
3239,M86852
3240,M86868
3241,M86873
3242,M86917
3243,M86933
3244,M86933
3245,M86934
3246,M87284
3247,M87313
3248,M87338
3249,M87339
3250,M87434
3251,M87499
3252,M87503
3253,M87507
3254,M87770
3255,M87789
3256,M87860
3257,M88108
3258,M88163
3259,M88279
3260,M88282
3261,M88338
3262,M88458
3263,M88461
3264,M88468
3265,M88579
3266,M89470
3267,M89473
3268,M89796
3269,M89914
3270,M89955
3271,M89957
3272,M90299
3273,M90354
3274,M90356
3275,M90359
3276,M90366
3277,M90391
3278,M90516
3279,M90656
3280,M90657
3281,M90696
3282,M90820
3283,M91029
3284,M91036
3285,M91083
3286,M91196
3287,M91368
3288,M91432
3289,M91438
3290,M91463
3291,M91467
3292,M91556
3293,M91585
3294,M91592
3295,M91669
3296,M91670
3297,M92269
3298,M92287
3299,M92303
3300,M92357
3301,M92424
3302,M92432
3303,M92439
3304,M92449
3305,M92642
3306,M92843
3307,M92934
3308,M93036
3309,M93056
3310,M93107
3311,M93119
3312,M93143
3313,M93221
3314,M93283
3315,M93284
3316,M93311
3317,M93405
3318,M93415
3319,M93425
3320,M93426
3321,M93650
3322,M93651
3323,M93718
3324,M94046
3325,M94055
3326,M94065
3327,M94077
3328,M94151
3329,M94167
3330,M94172
3331,M94250
3332,M94345
3333,M94362
3334,M94547
3335,M94556
3336,M94630
3337,M94633
3338,M94856
3339,M94880
3340,M94893
3341,M95167
3342,M95178
3343,M95549
3344,M95585
3345,M95610
3346,M95623
3347,M95627
3348,M95678
3349,M95712
3350,M95724
3351,M95740
3352,M95767
3353,M95787
3354,M95809
3355,M95925
3356,M95929
3357,M95936
3358,M96132
3359,M96233
3360,M96326
3361,M96684
3362,M96738
3363,M96739
3364,M96740
3365,M96759
3366,M96789
3367,M96803
3368,M96843
3369,M96859
3370,M96944
3371,M96954
3372,M96956
3373,M96980
3374,M96982
3375,M96995
3376,M97016
3377,M97252
3378,M97287
3379,M97347
3380,M97388
3381,M97496
3382,M97639
3383,M97675
3384,M97676
3385,M97796
3386,M97815
3387,M97856
3388,M97925
3389,M97935
3390,M97936
3391,M98045
3392,M98343
3393,M98399
3394,M98447
3395,M98528
3396,M98539
3397,M98776
3398,M98833
3399,M99063
3400,M99435
3401,M99436
3402,M99438
3403,M99439
3404,M99487
3405,M99564
3406,M99701
3407,S34389
3408,S37730
3409,S38742
3410,S38953
3411,S39329
3412,S40719
3413,S41458
3414,S42303
3415,S42457
3416,S43646
3417,S45630
3418,S46622
3419,S48983
3420,S49592
3421,S50017
3422,S50223
3423,S52028
3424,S52969
3425,S53911
3426,S54005
3427,S55606
3428,S56151
3429,S57132
3430,S57153
3431,S57212
3432,S57235
3433,S57887
3434,S58544
3435,S58733
3436,S59049
3437,S59184
3438,S60415
3439,S61953
3440,S62027
3441,S62028
3442,S62539
3443,S62696
3444,S62904
3445,S62907
3446,S63912
3447,S65583
3448,S65738
3449,S66427
3450,S66431
3451,S66541
3452,S66793
3453,S66896
3454,S67070
3455,S67156
3456,S67247
3457,S67325
3458,S67798
3459,S67970
3460,S68134
3461,S68271
3462,S68287
3463,S68616
3464,S68805
3465,S68874
3466,S69115
3467,S69189
3468,S69231
3469,S69232
3470,S69265
3471,S69272
3472,S69369
3473,S69370
3474,S69790
3475,S69965
3476,S70004
3477,S70348
3478,S70585
3479,S70609
3480,S71018
3481,S71043
3482,S71129
3483,S71824
3484,S72008
3485,S72024
3486,S72043
3487,S72370
3488,S72487
3489,S72493
3490,S72503
3491,S72869
3492,S72904
3493,S73149
3494,S73205
3495,S73591
3496,S73813
3497,S73840
3498,S73885
3499,S74017
3500,S74221
3501,S74445
3502,S74683
3503,S74720
3504,S74728
3505,S75168
3506,S75174
3507,S75213
3508,S75256
3509,S75295
3510,S75313
3511,S75463
3512,S75578
3513,S75881
3514,S75989
3515,S76067
3516,S76473
3517,S76475
3518,S76617
3519,S76638
3520,S76756
3521,S76853
3522,S76942
3523,S76965
3524,S76978
3525,S76992
3526,S77094
3527,S77154
3528,S77356
3529,S77361
3530,S77393
3531,S77410
3532,S77415
3533,S77575
3534,S77576
3535,S77582
3536,S77583
3537,S77763
3538,S77812
3539,S77835
3540,S77893
3541,S78085
3542,S78187
3543,S78203
3544,S78234
3545,S78271
3546,S78296
3547,S78432
3548,S78467
3549,S78569
3550,S78653
3551,S78693
3552,S78723
3553,S78771
3554,S78774
3555,S78798
3556,S78825
3557,S78873
3558,S79048
3559,S79219
3560,S79267
3561,S79281
3562,S79522
3563,S79639
3564,S79781
3565,S79854
3566,S79862
3567,S79873
3568,S80050
3569,S80267
3570,S80335
3571,S80343
3572,S80437
3573,S80562
3574,S80905
3575,S81003
3576,S81083
3577,S81221
3578,S81243
3579,S81264
3580,S81294
3581,S81419
3582,S81439
3583,S81578
3584,S81661
3585,S81737
3586,S81893
3587,S81914
3588,S81916
3589,S81944
3590,S81957
3591,S82024
3592,S82075
3593,S82185
3594,S82198
3595,S82240
3596,S82297
3597,S82362
3598,S82447
3599,S82470
3600,S82471
3601,S82472
3602,S82592
3603,S82597
3604,S83198
3605,S83249
3606,S83308
3607,S83309
3608,S83325
3609,S83362
3610,S83364
3611,S83365
3612,S83366
3613,S83366
3614,S83390
3615,S83513
3616,S83549
3617,S85655
3618,S85963
3619,S87759
3620,S90469
3621,S94421
3622,S95936
3623,U00001
3624,U00115
3625,U00238
3626,U00672
3627,U00802
3628,U00921
3629,U00928
3630,U00930
3631,U00943
3632,U00944
3633,U00946
3634,U00947
3635,U00951
3636,U00952
3637,U00954
3638,U00957
3639,U00968
3640,U01038
3641,U01062
3642,U01102
3643,U01120
3644,U01147
3645,U01157
3646,U01160
3647,U01212
3648,U01317
3649,U01317
3650,U01317
3651,U01337
3652,U01691
3653,U01824
3654,U01828
3655,U01833
3656,U01877
3657,U01922
3658,U01923
3659,U02019
3660,U02020
3661,U02031
3662,U02081
3663,U02082
3664,U02310
3665,U02388
3666,U02493
3667,U02556
3668,U02566
3669,U02570
3670,U02609
3671,U02619
3672,U02632
3673,U02680
3674,U02683
3675,U02687
3676,U03056
3677,U03057
3678,U03090
3679,U03100
3680,U03105
3681,U03187
3682,U03270
3683,U03272
3684,U03274
3685,U03397
3686,U03398
3687,U03399
3688,U03486
3689,U03494
3690,U03634
3691,U03642
3692,U03644
3693,U03688
3694,U03735
3695,U03851
3696,U03858
3697,U03877
3698,U03886
3699,U03891
3700,U03905
3701,U03911
3702,U04209
3703,U04241
3704,U04270
3705,U04285
3706,U04313
3707,U04325
3708,U04343
3709,U04520
3710,U04636
3711,U04735
3712,U04806
3713,U04810
3714,U04811
3715,U04840
3716,U04847
3717,U04898
3718,U05012
3719,U05040
3720,U05227
3721,U05237
3722,U05255
3723,U05255
3724,U05259
3725,U05291
3726,U05321
3727,U05340
3728,U05572
3729,U05589
3730,U05659
3731,U05681
3732,U05861
3733,U05875
3734,U06088
3735,U06155
3736,U06155
3737,U06233
3738,U06452
3739,U06454
3740,U06631
3741,U06632
3742,U06643
3743,U06681
3744,U06698
3745,U06863
3746,U07000
3747,U07132
3748,U07139
3749,U07151
3750,U07158
3751,U07223
3752,U07225
3753,U07231
3754,U07349
3755,U07358
3756,U07418
3757,U07424
3758,U07550
3759,U07559
3760,U07563
3761,U07620
3762,U07664
3763,U07681
3764,U07695
3765,U07794
3766,U07802
3767,U07804
3768,U07806
3769,U07807
3770,U07856
3771,U07857
3772,U07882
3773,U07919
3774,U07969
3775,U08006
3776,U08015
3777,U08021
3778,U08023
3779,U08049
3780,U08096
3781,U08191
3782,U08198
3783,U08316
3784,U08336
3785,U08377
3786,U08438
3787,U08471
3788,U08815
3789,U08854
3790,U08989
3791,U08998
3792,U09002
3793,U09087
3794,U09117
3795,U09178
3796,U09196
3797,U09210
3798,U09278
3799,U09279
3800,U09284
3801,U09303
3802,U09366
3803,U09367
3804,U09368
3805,U09410
3806,U09411
3807,U09412
3808,U09413
3809,U09414
3810,U09477
3811,U09510
3812,U09550
3813,U09564
3814,U09578
3815,U09579
3816,U09584
3817,U09587
3818,U09607
3819,U09609
3820,U09646
3821,U09716
3822,U09759
3823,U09770
3824,U09813
3825,U09820
3826,U09825
3827,U09848
3828,U09850
3829,U09851
3830,U09860
3831,U09877
3832,U09937
3833,U09953
3834,U10099
3835,U10117
3836,U10323
3837,U10324
3838,U10362
3839,U10439
3840,U10473
3841,U10485
3842,U10492
3843,U10550
3844,U10685
3845,U10686
3846,U10687
3847,U10689
3848,U10690
3849,U10693
3850,U10868
3851,U10886
3852,U10991
3853,U11036
3854,U11037
3855,U11090
3856,U11287
3857,U11292
3858,U11313
3859,U11690
3860,U11701
3861,U11717
3862,U11732
3863,U11791
3864,U11821
3865,U11861
3866,U11862
3867,U11863
3868,U11870
3869,U11872
3870,U11875
3871,U11877
3872,U11878
3873,U12139
3874,U12140
3875,U12255
3876,U12259
3877,U12387
3878,U12404
3879,U12424
3880,U12465
3881,U12471
3882,U12535
3883,U12595
3884,U12622
3885,U12707
3886,U12767
3887,U12775
3888,U12778
3889,U12779
3890,U12897
3891,U12978
3892,U13021
3893,U13022
3894,U13044
3895,U13045
3896,U13061
3897,U13219
3898,U13220
3899,U13369
3900,U13395
3901,U13616
3902,U13666
3903,U13680
3904,U13695
3905,U13696
3906,U13706
3907,U13737
3908,U13896
3909,U13913
3910,U13948
3911,U13991
3912,U14187
3913,U14193
3914,U14383
3915,U14391
3916,U14394
3917,U14407
3918,U14417
3919,U14518
3920,U14528
3921,U14550
3922,U14575
3923,U14577
3924,U14588
3925,U14603
3926,U14747
3927,U14910
3928,U14968
3929,U14969
3930,U14970
3931,U14971
3932,U14972
3933,U14973
3934,U15008
3935,U15009
3936,U15085
3937,U15128
3938,U15131
3939,U15172
3940,U15173
3941,U15174
3942,U15177
3943,U15197
3944,U15306
3945,U15422
3946,U15460
3947,U15552
3948,U15555
3949,U15590
3950,U15637
3951,U15641
3952,U15642
3953,U15655
3954,U15782
3955,U15932
3956,U16031
3957,U16120
3958,U16126
3959,U16127
3960,U16129
3961,U16258
3962,U16261
3963,U16282
3964,U16296
3965,U16306
3966,U16307
3967,U16660
3968,U16720
3969,U16799
3970,U16811
3971,U16812
3972,U16861
3973,U16954
3974,U16997
3975,U17032
3976,U17033
3977,U17034
3978,U17077
3979,U17163
3980,U17195
3981,U17280
3982,U17327
3983,U17418
3984,U17566
3985,U17579
3986,U17714
3987,U17743
3988,U17760
3989,U17838
3990,U17886
3991,U17894
3992,U17969
3993,U17977
3994,U17989
3995,U18004
3996,U18009
3997,U18018
3998,U18062
3999,U18088
4000,U18235
4001,U18237
4002,U18242
4003,U18244
4004,U18259
4005,U18271
4006,U18271
4007,U18288
4008,U18291
4009,U18297
4010,U18300
4011,U18321
4012,U18383
4013,U18422
4014,U18467
4015,U18543
4016,U18548
4017,U18549
4018,U18550
4019,U18671
4020,U18914
4021,U18919
4022,U18932
4023,U18934
4024,U18937
4025,U18985
4026,U18991
4027,U19107
4028,U19142
4029,U19147
4030,U19180
4031,U19247
4032,U19251
4033,U19252
4034,U19261
4035,U19345
4036,U19487
4037,U19495
4038,U19517
4039,U19523
4040,U19557
4041,U19713
4042,U19718
4043,U19765
4044,U19796
4045,U19878
4046,U19906
4047,U19948
4048,U19977
4049,U20158
4050,U20230
4051,U20240
4052,U20285
4053,U20325
4054,U20350
4055,U20362
4056,U20391
4057,U20428
4058,U20499
4059,U20530
4060,U20536
4061,U20582
4062,U20647
4063,U20648
4064,U20657
4065,U20734
4066,U20758
4067,U20759
4068,U20760
4069,U20816
4070,U20860
4071,U20908
4072,U20938
4073,U20979
4074,U20980
4075,U20998
4076,U21049
4077,U21051
4078,U21090
4079,U21128
4080,U21551
4081,U21556
4082,U21689
4083,U21858
4084,U21931
4085,U21936
4086,U21943
4087,U22028
4088,U22028
4089,U22029
4090,U22055
4091,U22178
4092,U22233
4093,U22314
4094,U22322
4095,U22376
4096,U22377
4097,U22398
4098,U22431
4099,U22526
4100,U22662
4101,U22680
4102,U22815
4103,U22816
4104,U22897
4105,U22961
4106,U22963
4107,U22970
4108,U23028
4109,U23070
4110,U23143
4111,U23430
4112,U23435
4113,U23736
4114,U23752
4115,U23803
4116,U23850
4117,U23852
4118,U23942
4119,U23946
4120,U24056
4121,U24105
4122,U24152
4123,U24153
4124,U24166
4125,U24169
4126,U24183
4127,U24186
4128,U24266
4129,U24389
4130,U24488
4131,U24576
4132,U24577
4133,U24683
4134,U24685
4135,U24704
4136,U25029
4137,U25034
4138,U25041
4139,U25128
4140,U25138
4141,U25165
4142,U25182
4143,U25265
4144,U25433
4145,U25435
4146,U25750
4147,U25771
4148,U25789
4149,U25801
4150,U25826
4151,U25849
4152,U25956
4153,U25975
4154,U25988
4155,U25997
4156,U26032
4157,U26173
4158,U26174
4159,U26266
4160,U26312
4161,U26398
4162,U26403
4163,U26424
4164,U26591
4165,U26648
4166,U26710
4167,U26712
4168,U26726
4169,U26727
4170,U26914
4171,U27109
4172,U27185
4173,U27193
4174,U27325
4175,U27326
4176,U27330
4177,U27333
4178,U27333
4179,U27459
4180,U27460
4181,U27516
4182,U27655
4183,U27699
4184,U27768
4185,U27831
4186,U28014
4187,U28015
4188,U28042
4189,U28043
4190,U28049
4191,U28055
4192,U28131
4193,U28150
4194,U28249
4195,U28251
4196,U28281
4197,U28368
4198,U28369
4199,U28386
4200,U28413
4201,U28488
4202,U28686
4203,U28687
4204,U28727
4205,U28749
4206,U28758
4207,U28811
4208,U28831
4209,U28833
4210,U28963
4211,U29091
4212,U29171
4213,U29175
4214,U29195
4215,U29343
4216,U29463
4217,U29589
4218,U29607
4219,U29615
4220,U29656
4221,U29680
4222,U29700
4223,U29725
4224,U29943
4225,U29953
4226,U30185
4227,U30245
4228,U30246
4229,U30255
4230,U30313
4231,U30521
4232,U30610
4233,U30825
4234,U30827
4235,U30828
4236,U30872
4237,U30888
4238,U30894
4239,U30930
4240,U30998
4241,U30999
4242,U31099
4243,U31116
4244,U31120
4245,U31176
4246,U31201
4247,U31201
4248,U31215
4249,U31216
4250,U31248
4251,U31342
4252,U31382
4253,U31383
4254,U31384
4255,U31449
4256,U31501
4257,U31556
4258,U31628
4259,U31799
4260,U31814
4261,U31875
4262,U31903
4263,U31929
4264,U31930
4265,U31973
4266,U31986
4267,U32114
4268,U32315
4269,U32324
4270,U32331
4271,U32376
4272,U32439
4273,U32499
4274,U32519
4275,U32576
4276,U32581
4277,U32645
4278,U32659
4279,U32674
4280,U32680
4281,U32849
4282,U32907
4283,U32944
4284,U32986
4285,U32989
4286,U33017
4287,U33052
4288,U33053
4289,U33054
4290,U33147
4291,U33202
4292,U33203
4293,U33267
4294,U33286
4295,U33317
4296,U33429
4297,U33447
4298,U33448
4299,U33632
4300,U33761
4301,U33818
4302,U33821
4303,U33822
4304,U33837
4305,U33838
4306,U33838
4307,U33839
4308,U33841
4309,U33849
4310,U33880
4311,U33920
4312,U33921
4313,U33936
4314,U34038
4315,U34044
4316,U34070
4317,U34252
4318,U34301
4319,U34301
4320,U34343
4321,U34360
4322,U34380
4323,U34587
4324,U34605
4325,U34683
4326,U34844
4327,U34877
4328,U34879
4329,U34880
4330,U34962
4331,U34976
4332,U35005
4333,U35048
4334,U35100
4335,U35113
4336,U35139
4337,U35234
4338,U35246
4339,U35340
4340,U35376
4341,U35407
4342,U35451
4343,U35459
4344,U35637
4345,U35735
4346,U35835
4347,U36221
4348,U36341
4349,U36448
4350,U36500
4351,U36501
4352,U36601
4353,U36621
4354,U36759
4355,U36764
4356,U36787
4357,U36798
4358,U36922
4359,U37012
4360,U37022
4361,U37055
4362,U37122
4363,U37139
4364,U37143
4365,U37146
4366,U37219
4367,U37221
4368,U37248
4369,U37251
4370,U37283
4371,U37352
4372,U37359
4373,U37408
4374,U37426
4375,U37431
4376,U37518
4377,U37519
4378,U37529
4379,U37546
4380,U37547
4381,U37673
4382,U37689
4383,U37690
4384,U37707
4385,U38175
4386,U38227
4387,U38268
4388,U38276
4389,U38291
4390,U38372
4391,U38480
4392,U38545
4393,U38810
4394,U38846
4395,U38847
4396,U38864
4397,U38896
4398,U38904
4399,U38964
4400,U38980
4401,U39196
4402,U39226
4403,U39231
4404,U39317
4405,U39318
4406,U39400
4407,U39412
4408,U39447
4409,U39487
4410,U39573
4411,U39576
4412,U39657
4413,U39817
4414,U39840
4415,U39905
4416,U40002
4417,U40038
4418,U40152
4419,U40215
4420,U40223
4421,U40271
4422,U40279
4423,U40282
4424,U40317
4425,U40343
4426,U40369
4427,U40370
4428,U40371
4429,U40372
4430,U40380
4431,U40391
4432,U40434
4433,U40462
4434,U40490
4435,U40571
4436,U40572
4437,U40622
4438,U40705
4439,U40714
4440,U40763
4441,U40846
4442,U40990
4443,U40992
4444,U40998
4445,U41060
4446,U41068
4447,U41163
4448,U41315
4449,U41344
4450,U41371
4451,U41387
4452,U41515
4453,U41518
4454,U41635
4455,U41654
4456,U41668
4457,U41737
4458,U41740
4459,U41745
4460,U41763
4461,U41766
4462,U41767
4463,U41804
4464,U41813
4465,U41815
4466,U41816
4467,U41898
4468,U42031
4469,U42359
4470,U42360
4471,U42387
4472,U42390
4473,U42408
4474,U42412
4475,U43030
4476,U43077
4477,U43083
4478,U43142
4479,U43148
4480,U43177
4481,U43185
4482,U43189
4483,U43203
4484,U43279
4485,U43286
4486,U43292
4487,U43318
4488,U43328
4489,U43374
4490,U43408
4491,U43431
4492,U43519
4493,U43522
4494,U43527
4495,U43586
4496,U43653
4497,U43672
4498,U43747
4499,U43753
4500,U43843
4501,U43885
4502,U43899
4503,U43901
4504,U43916
4505,U43923
4506,U43944
4507,U43959
4508,U43965
4509,U44059
4510,U44060
4511,U44103
4512,U44105
4513,U44111
4514,U44378
4515,U44429
4516,U44754
4517,U44755
4518,U44772
4519,U44799
4520,U44839
4521,U44848
4522,U44975
4523,U45255
4524,U45285
4525,U45328
4526,U45448
4527,U45878
4528,U45880
4529,U45955
4530,U45973
4531,U45974
4532,U45975
4533,U45976
4534,U45982
4535,U45983
4536,U46006
4537,U46023
4538,U46024
4539,U46025
4540,U46116
4541,U46194
4542,U46461
4543,U46499
4544,U46569
4545,U46570
4546,U46571
4547,U46689
4548,U46692
4549,U46744
4550,U46746
4551,U46751
4552,U46752
4553,U46767
4554,U46901
4555,U47007
4556,U47011
4557,U47025
4558,U47050
4559,U47054
4560,U47077
4561,U47101
4562,U47105
4563,U47292
4564,U47334
4565,U47414
4566,U47621
4567,U47634
4568,U47635
4569,U47677
4570,U47686
4571,U47742
4572,U47926
4573,U47927
4574,U47928
4575,U47931
4576,U48213
4577,U48231
4578,U48250
4579,U48251
4580,U48263
4581,U48296
4582,U48405
4583,U48408
4584,U48436
4585,U48437
4586,U48697
4587,U48705
4588,U48707
4589,U48730
4590,U48736
4591,U48807
4592,U48861
4593,U48865
4594,U48936
4595,U48959
4596,U49020
4597,U49065
4598,U49070
4599,U49082
4600,U49089
4601,U49114
4602,U49187
4603,U49188
4604,U49248
4605,U49250
4606,U49260
4607,U49278
4608,U49352
4609,U49379
4610,U49395
4611,U49436
4612,U49441
4613,U49516
4614,U49742
4615,U49785
4616,U49835
4617,U49837
4618,U49844
4619,U49857
4620,U49869
4621,U49928
4622,U49957
4623,U49973
4624,U49973
4625,U49974
4626,U50062
4627,U50078
4628,U50079
4629,U50136
4630,U50146
4631,U50196
4632,U50315
4633,U50327
4634,U50330
4635,U50360
4636,U50361
4637,U50383
4638,U50523
4639,U50527
4640,U50531
4641,U50534
4642,U50535
4643,U50553
4644,U50648
4645,U50708
4646,U50733
4647,U50743
4648,U50822
4649,U50839
4650,U50928
4651,U50929
4652,U50939
4653,U50950
4654,U51003
4655,U51004
4656,U51010
4657,U51095
4658,U51096
4659,U51127
4660,U51166
4661,U51205
4662,U51240
4663,U51241
4664,U51269
4665,U51333
4666,U51334
4667,U51336
4668,U51432
4669,U51477
4670,U51478
4671,U51561
4672,U51586
4673,U51587
4674,U51678
4675,U51711
4676,U51903
4677,U51920
4678,U51990
4679,U52077
4680,U52100
4681,U52101
4682,U52111
4683,U52111
4684,U52112
4685,U52112
4686,U52152
4687,U52153
4688,U52154
4689,U52155
4690,U52191
4691,U52373
4692,U52426
4693,U52427
4694,U52513
4695,U52518
4696,U52521
4697,U52522
4698,U52682
4699,U52696
4700,U52700
4701,U52827
4702,U52828
4703,U52830
4704,U52840
4705,U52960
4706,U52969
4707,U53003
4708,U53174
4709,U53204
4710,U53209
4711,U53225
4712,U53347
4713,U53442
4714,U53445
4715,U53446
4716,U53468
4717,U53476
4718,U53506
4719,U53786
4720,U53830
4721,U54617
4722,U54644
4723,U54778
4724,U54804
4725,U54999
4726,U55054
4727,U55206
4728,U55209
4729,U55258
4730,U55764
4731,U55766
4732,U55853
4733,U55936
4734,U56085
4735,U56102
4736,U56244
4737,U56402
4738,U56417
4739,U56418
4740,U56637
4741,U56814
4742,U56816
4743,U56833
4744,U56976
4745,U56998
4746,U57057
4747,U57092
4748,U57093
4749,U57094
4750,U57099
4751,U57316
4752,U57317
4753,U57341
4754,U57341
4755,U57342
4756,U57352
4757,U57450
4758,U57452
4759,U57592
4760,U57623
4761,U57627
4762,U57629
4763,U57650
4764,U57721
4765,U57796
4766,U57877
4767,U57911
4768,U57971
4769,U58032
4770,U58033
4771,U58034
4772,U58046
4773,U58048
4774,U58087
4775,U58089
4776,U58090
4777,U58091
4778,U58096
4779,U58130
4780,U58331
4781,U58334
4782,U58516
4783,U58522
4784,U58658
4785,U58675
4786,U58675
4787,U58681
4788,U58682
4789,U58766
4790,U58837
4791,U58970
4792,U59057
4793,U59058
4794,U59111
4795,U59228
4796,U59286
4797,U59289
4798,U59302
4799,U59309
4800,U59321
4801,U59325
4802,U59423
4803,U59632
4804,U59736
4805,U59748
4806,U59752
4807,U59831
4808,U59863
4809,U59877
4810,U59878
4811,U59913
4812,U59914
4813,U59919
4814,U60060
4815,U60061
4816,U60062
4817,U60115
4818,U60116
4819,U60205
4820,U60206
4821,U60269
4822,U60269
4823,U60269
4824,U60276
4825,U60319
4826,U60325
4827,U60415
4828,U60519
4829,U60521
4830,U60644
4831,U60665
4832,U60666
4833,U60800
4834,U60805
4835,U60808
4836,U60873
4837,U60975
4838,U61145
4839,U61166
4840,U61167
4841,U61232
4842,U61234
4843,U61262
4844,U61263
4845,U61276
4846,U61374
4847,U61397
4848,U61500
4849,U61538
4850,U61734
4851,U61741
4852,U61836
4853,U61849
4854,U61981
4855,U62015
4856,U62136
4857,U62293
4858,U62317
4859,U62317
4860,U62317
4861,U62325
4862,U62389
4863,U62431
4864,U62432
4865,U62433
4866,U62434
4867,U62437
4868,U62438
4869,U62531
4870,U62739
4871,U62800
4872,U62801
4873,U62961
4874,U62962
4875,U62966
4876,U63090
4877,U63139
4878,U63289
4879,U63295
4880,U63312
4881,U63329
4882,U63332
4883,U63336
4884,U63455
4885,U63541
4886,U63542
4887,U63717
4888,U63743
4889,U63824
4890,U63825
4891,U63842
4892,U64105
4893,U64197
4894,U64198
4895,U64315
4896,U64444
4897,U64520
4898,U64573
4899,U64675
4900,U64805
4901,U64863
4902,U64871
4903,U64998
4904,U65002
4905,U65011
4906,U65092
4907,U65093
4908,U65402
4909,U65404
4910,U65406
4911,U65410
4912,U65416
4913,U65437
4914,U65533
4915,U65579
4916,U65581
4917,U65676
4918,U65785
4919,U65918
4920,U65928
4921,U65932
4922,U66033
4923,U66036
4924,U66048
4925,U66052
4926,U66059
4927,U66061
4928,U66075
4929,U66077
4930,U66083
4931,U66088
4932,U66198
4933,U66359
4934,U66406
4935,U66464
4936,U66468
4937,U66469
4938,U66497
4939,U66559
4940,U66561
4941,U66578
4942,U66580
4943,U66581
4944,U66615
4945,U66616
4946,U66617
4947,U66618
4948,U66619
4949,U66661
4950,U66669
4951,U66702
4952,U66711
4953,U66726
4954,U66726
4955,U66828
4956,U66838
4957,U66879
4958,U67092
4959,U67092
4960,U67122
4961,U67156
4962,U67171
4963,U67191
4964,U67319
4965,U67368
4966,U67369
4967,U67611
4968,U67614
4969,U67615
4970,U67674
4971,U67733
4972,U67784
4973,U67849
4974,U67932
4975,U67934
4976,U67963
4977,U67988
4978,U68018
4979,U68019
4980,U68030
4981,U68031
4982,U68063
4983,U68105
4984,U68111
4985,U68133
4986,U68135
4987,U68142
4988,U68162
4989,U68233
4990,U68385
4991,U68485
4992,U68488
4993,U68494
4994,U68536
4995,U68566
4996,U68723
4997,U68727
4998,U69108
4999,U69126
5000,U69127
5001,U69140
5002,U69141
5003,U69263
5004,U69546
5005,U69611
5006,U69645
5007,U69961
5008,U70063
5009,U70064
5010,U70136
5011,U70321
5012,U70322
5013,U70323
5014,U70370
5015,U70426
5016,U70439
5017,U70451
5018,U70660
5019,U70663
5020,U70671
5021,U70732
5022,U70735
5023,U70862
5024,U70867
5025,U70981
5026,U70987
5027,U71087
5028,U71088
5029,U71092
5030,U71203
5031,U71207
5032,U71300
5033,U71364
5034,U71374
5035,U71598
5036,U71601
5037,U72066
5038,U72206
5039,U72209
5040,U72263
5041,U72342
5042,U72507
5043,U72508
5044,U72509
5045,U72511
5046,U72512
5047,U72514
5048,U72515
5049,U72517
5050,U72621
5051,U72648
5052,U72649
5053,U72661
5054,U72671
5055,U72761
5056,U72882
5057,U72935
5058,U72936
5059,U73167
5060,U73167
5061,U73167
5062,U73167
5063,U73167
5064,U73191
5065,U73304
5066,U73328
5067,U73330
5068,U73338
5069,U73377
5070,U73379
5071,U73477
5072,U73499
5073,U73514
5074,U73524
5075,U73682
5076,U73704
5077,U73737
5078,U73738
5079,U73799
5080,U73824
5081,U73843
5082,U73936
5083,U73960
5084,U74324
5085,U74382
5086,U74612
5087,U74667
5088,U75272
5089,U75276
5090,U75308
5091,U75309
5092,U75362
5093,U75370
5094,U75679
5095,U75968
5096,U76010
5097,U76189
5098,U76272
5099,U76366
5100,U76369
5101,U76388
5102,U76421
5103,U76456
5104,U76638
5105,U76764
5106,U76992
5107,U77129
5108,U77180
5109,U77396
5110,U77413
5111,U77456
5112,U77594
5113,U77604
5114,U77643
5115,U77664
5116,U77665
5117,U77718
5118,U77735
5119,U77827
5120,U77845
5121,U77846
5122,U77846
5123,U77948
5124,U77949
5125,U77968
5126,U77970
5127,U77975
5128,U78027
5129,U78027
5130,U78095
5131,U78107
5132,U78180
5133,U78190
5134,U78313
5135,U78521
5136,U78524
5137,U78525
5138,U78551
5139,U78556
5140,U78575
5141,U78628
5142,U78678
5143,U78722
5144,U78735
5145,U78793
5146,U78798
5147,U78876
5148,U79115
5149,U79241
5150,U79242
5151,U79245
5152,U79246
5153,U79247
5154,U79248
5155,U79249
5156,U79251
5157,U79252
5158,U79253
5159,U79254
5160,U79255
5161,U79256
5162,U79257
5163,U79258
5164,U79259
5165,U79260
5166,U79261
5167,U79262
5168,U79263
5169,U79265
5170,U79266
5171,U79267
5172,U79270
5173,U79271
5174,U79272
5175,U79273
5176,U79274
5177,U79275
5178,U79277
5179,U79280
5180,U79282
5181,U79285
5182,U79286
5183,U79287
5184,U79288
5185,U79289
5186,U79290
5187,U79291
5188,U79293
5189,U79294
5190,U79295
5191,U79296
5192,U79297
5193,U79298
5194,U79299
5195,U79300
5196,U79301
5197,U79302
5198,U79303
5199,U79304
5200,U79526
5201,U79528
5202,U79667
5203,U79716
5204,U79718
5205,U79725
5206,U79734
5207,U79751
5208,U80017
5209,U80017
5210,U80017
5211,U80034
5212,U80040
5213,U80073
5214,U80184
5215,U80226
5216,U80456
5217,U80457
5218,U80628
5219,U80669
5220,U80811
5221,U80987
5222,U81001
5223,U81006
5224,U81262
5225,U81375
5226,U81523
5227,U81554
5228,U81556
5229,U81599
5230,U81600
5231,U81607
5232,U81787
5233,U81802
5234,U81984
5235,U82010
5236,U82108
5237,U82130
5238,U82169
5239,U82256
5240,U82275
5241,U82279
5242,U82303
5243,U82306
5244,U82310
5245,U82311
5246,U82313
5247,U82319
5248,U82320
5249,U82321
5250,U82467
5251,U82468
5252,U82532
5253,U82535
5254,U82613
5255,U82668
5256,U82671
5257,U82759
5258,U82818
5259,U82970
5260,U82979
5261,U82987
5262,U83115
5263,U83117
5264,U83171
5265,U83192
5266,U83239
5267,U83246
5268,U83303
5269,U83326
5270,U83410
5271,U83411
5272,U83461
5273,U83463
5274,U83598
5275,U83598
5276,U83600
5277,U83601
5278,U83843
5279,U83908
5280,U84011
5281,U84388
5282,U84487
5283,U84540
5284,U84551
5285,U84569
5286,U84573
5287,U84720
5288,U85193
5289,U85245
5290,U85265
5291,U85267
5292,U85430
5293,U85611
5294,U85658
5295,U85707
5296,U85767
5297,U85943
5298,U85946
5299,U85992
5300,U86070
5301,U86136
5302,U86214
5303,U86358
5304,U86409
5305,U86529
5306,U86602
5307,U86755
5308,U86759
5309,U86782
5310,U87223
5311,U87269
5312,U87309
5313,U87408
5314,U87459
5315,U87460
5316,U87593
5317,U87964
5318,U87972
5319,U88047
5320,U88629
5321,U88666
5322,U88667
5323,U88726
5324,U88871
5325,U88892
5326,U88898
5327,U88898
5328,U88902
5329,U88964
5330,U89012
5331,U89278
5332,U89326
5333,U89335
5334,U89336
5335,U89336
5336,U89336
5337,U89336
5338,U89336
5339,U89336
5340,U89355
5341,U89505
5342,U89606
5343,U89717
5344,U89896
5345,U89916
5346,U89922
5347,U89942
5348,U89995
5349,U90065
5350,U90268
5351,U90304
5352,U90306
5353,U90313
5354,U90336
5355,U90426
5356,U90437
5357,U90543
5358,U90543
5359,U90544
5360,U90546
5361,U90546
5362,U90547
5363,U90549
5364,U90550
5365,U90551
5366,U90552
5367,U90552
5368,U90651
5369,U90716
5370,U90878
5371,U90902
5372,U90904
5373,U90905
5374,U90907
5375,U90908
5376,U90909
5377,U90910
5378,U90911
5379,U90912
5380,U90913
5381,U90914
5382,U90915
5383,U90916
5384,U90918
5385,U90919
5386,U91316
5387,U91327
5388,U91521
5389,U91616
5390,U91618
5391,U91903
5392,U91930
5393,U91931
5394,U91932
5395,U91985
5396,U92014
5397,U92015
5398,U92027
5399,U92314
5400,U92436
5401,U92457
5402,U92458
5403,U92459
5404,U92971
5405,U93049
5406,U93091
5407,U93205
5408,U93237
5409,U93553
5410,U93867
5411,U94319
5412,U94320
5413,U94332
5414,U94333
5415,U94585
5416,U94586
5417,U94592
5418,U94747
5419,U94831
5420,U94832
5421,U94836
5422,U94855
5423,U95006
5424,U95019
5425,U95020
5426,U95040
5427,U95090
5428,U95626
5429,U95626
5430,U95740
5431,U95740
5432,U96094
5433,U96113
5434,U96114
5435,U96115
5436,U96131
5437,U96136
5438,U96191
5439,U96629
5440,U96629
5441,U96769
5442,U96781
5443,U96915
5444,U96922
5445,U97018
5446,U97105
5447,U97188
5448,U97502
5449,V00503
5450,V00532
5451,V00533
5452,V00535
5453,V00536
5454,V00542
5455,V00551
5456,V00563
5457,V00565
5458,V00571
5459,V00572
5460,V00574
5461,V00594
5462,V00594
5463,V00599
5464,V01510
5465,V01512
5466,V01514
5467,V01515
5468,V01516
5469,X00038
5470,X00088
5471,X00090
5472,X00129
5473,X00237
5474,X00274
5475,X00351
5476,X00368
5477,X00371
5478,X00437
5479,X00540
5480,X00588
5481,X00695
5482,X00734
5483,X00948
5484,X00949
5485,X01038
5486,X01057
5487,X01059
5488,X01060
5489,X01388
5490,X01630
5491,X01677
5492,X01703
5493,X01715
5494,X02152
5495,X02158
5496,X02160
5497,X02176
5498,X02317
5499,X02404
5500,X02419
5501,X02530
5502,X02544
5503,X02596
5504,X02612
5505,X02750
5506,X02751
5507,X02761
5508,X02874
5509,X02875
5510,X02883
5511,X02910
5512,X02956
5513,X02958
5514,X03066
5515,X03068
5516,X03072
5517,X03100
5518,X03168
5519,X03342
5520,X03350
5521,X03363
5522,X03473
5523,X03484
5524,X03635
5525,X03656
5526,X03663
5527,X03689
5528,X03794
5529,X03934
5530,X04011
5531,X04085
5532,X04106
5533,X04143
5534,X04145
5535,X04201
5536,X04297
5537,X04325
5538,X04327
5539,X04347
5540,X04366
5541,X04391
5542,X04412
5543,X04434
5544,X04445
5545,X04470
5546,X04500
5547,X04526
5548,X04571
5549,X04602
5550,X04654
5551,X04688
5552,X04706
5553,X04707
5554,X04729
5555,X04741
5556,X04828
5557,X04898
5558,X05130
5559,X05153
5560,X05196
5561,X05232
5562,X05246
5563,X05276
5564,X05299
5565,X05309
5566,X05323
5567,X05345
5568,X05360
5569,X05409
5570,X05608
5571,X05610
5572,X05615
5573,X05839
5574,X05855
5575,X05855
5576,X05908
5577,X05997
5578,X06182
5579,X06256
5580,X06268
5581,X06272
5582,X06290
5583,X06318
5584,X06323
5585,X06389
5586,X06482
5587,X06562
5588,X06614
5589,X06617
5590,X06661
5591,X06700
5592,X06745
5593,X06825
5594,X06948
5595,X06956
5596,X06985
5597,X07024
5598,X07109
5599,X07173
5600,X07203
5601,X07290
5602,X07315
5603,X07384
5604,X07438
5605,X07495
5606,X07496
5607,X07618
5608,X07619
5609,X07695
5610,X07696
5611,X07730
5612,X07732
5613,X07743
5614,X07767
5615,X07820
5616,X07834
5617,X07876
5618,X07948
5619,X07979
5620,X07994
5621,X12433
5622,X12447
5623,X12451
5624,X12453
5625,X12458
5626,X12492
5627,X12517
5628,X12530
5629,X12556
5630,X12662
5631,X12671
5632,X12791
5633,X12794
5634,X12876
5635,X12901
5636,X12953
5637,X13100
5638,X13227
5639,X13238
5640,X13255
5641,X13293
5642,X13334
5643,X13444
5644,X13451
5645,X13461
5646,X13482
5647,X13546
5648,X13589
5649,X13766
5650,X13794
5651,X13810
5652,X13839
5653,X13916
5654,X13930
5655,X13955
5656,X13956
5657,X13967
5658,X13973
5659,X14008
5660,X14046
5661,X14085
5662,X14253
5663,X14329
5664,X14346
5665,X14362
5666,X14445
5667,X14448
5668,X14474
5669,X14675
5670,X14684
5671,X14690
5672,X14766
5673,X14767
5674,X14787
5675,X14789
5676,X14813
5677,X14830
5678,X14850
5679,X14885
5680,X14894
5681,X14968
5682,X14975
5683,X15088
5684,X15183
5685,X15187
5686,X15217
5687,X15218
5688,X15306
5689,X15331
5690,X15341
5691,X15357
5692,X15376
5693,X15393
5694,X15414
5695,X15422
5696,X15525
5697,X15573
5698,X15673
5699,X15675
5700,X15722
5701,X15729
5702,X15822
5703,X15875
5704,X15880
5705,X15882
5706,X15940
5707,X15943
5708,X15949
5709,X15954
5710,X16064
5711,X16105
5712,X16135
5713,X16260
5714,X16281
5715,X16282
5716,X16316
5717,X16323
5718,X16354
5719,X16396
5720,X16416
5721,X16504
5722,X16546
5723,X16560
5724,X16609
5725,X16660
5726,X16662
5727,X16663
5728,X16665
5729,X16666
5730,X16667
5731,X16699
5732,X16706
5733,X16707
5734,X16832
5735,X16866
5736,X16901
5737,X16983
5738,X17025
5739,X17042
5740,X17059
5741,X17093
5742,X17094
5743,X17098
5744,X17206
5745,X17254
5746,X17360
5747,X17567
5748,X17576
5749,X17620
5750,X17622
5751,X17644
5752,X17648
5753,X17651
5754,X51345
5755,X51362
5756,X51405
5757,X51408
5758,X51417
5759,X51420
5760,X51435
5761,X51441
5762,X51441
5763,X51466
5764,X51521
5765,X51602
5766,X51630
5767,X51688
5768,X51698
5769,X51730
5770,X51755
5771,X51757
5772,X51801
5773,X51804
5774,X51823
5775,X51823
5776,X51952
5777,X51953
5778,X51954
5779,X51956
5780,X51985
5781,X52001
5782,X52003
5783,X52005
5784,X52008
5785,X52009
5786,X52011
5787,X52022
5788,X52056
5789,X52075
5790,X52142
5791,X52151
5792,X52192
5793,X52213
5794,X52221
5795,X52228
5796,X52282
5797,X52425
5798,X52426
5799,X52479
5800,X52520
5801,X52541
5802,X52599
5803,X52611
5804,X52638
5805,X52730
5806,X52773
5807,X52851
5808,X52882
5809,X52889
5810,X52896
5811,X52943
5812,X52947
5813,X52966
5814,X52979
5815,X53002
5816,X53065
5817,X53296
5818,X53331
5819,X53390
5820,X53414
5821,X53416
5822,X53586
5823,X53587
5824,X53595
5825,X53683
5826,X53742
5827,X53777
5828,X53793
5829,X53795
5830,X53800
5831,X53961
5832,X54131
5833,X54150
5834,X54162
5835,X54199
5836,X54232
5837,X54304
5838,X54326
5839,X54380
5840,X54457
5841,X54489
5842,X54637
5843,X54667
5844,X54667
5845,X54673
5846,X54741
5847,X54816
5848,X54867
5849,X54870
5850,X54871
5851,X54925
5852,X54936
5853,X54938
5854,X54941
5855,X54942
5856,X54993
5857,X55005
5858,X55019
5859,X55037
5860,X55079
5861,X55330
5862,X55448
5863,X55448
5864,X55544
5865,X55666
5866,X55668
5867,X55715
5868,X55733
5869,X55740
5870,X55777
5871,X55885
5872,X55889
5873,X55954
5874,X55989
5875,X55990
5876,X56088
5877,X56199
5878,X56253
5879,X56411
5880,X56465
5881,X56468
5882,X56494
5883,X56654
5884,X56667
5885,X56677
5886,X56681
5887,X56687
5888,X56692
5889,X56741
5890,X56807
5891,X56841
5892,X56932
5893,X56997
5894,X57025
5895,X57110
5896,X57129
5897,X57152
5898,X57206
5899,X57303
5900,X57346
5901,X57348
5902,X57351
5903,X57351
5904,X57398
5905,X57522
5906,X57579
5907,X57766
5908,X57809
5909,X57809
5910,X57830
5911,X57959
5912,X57985
5913,X58022
5914,X58072
5915,X58079
5916,X58199
5917,X58234
5918,X58255
5919,X58288
5920,X58298
5921,X58377
5922,X58399
5923,X58401
5924,X58431
5925,X58521
5926,X58528
5927,X58529
5928,X58723
5929,X58822
5930,X58964
5931,X58987
5932,X59065
5933,X59131
5934,X59244
5935,X59303
5936,X59350
5937,X59372
5938,X59373
5939,X59405
5940,X59417
5941,X59434
5942,X59543
5943,X59618
5944,X59656
5945,X59710
5946,X59711
5947,X59727
5948,X59739
5949,X59766
5950,X59770
5951,X59798
5952,X59812
5953,X59834
5954,X59841
5955,X59842
5956,X59871
5957,X59892
5958,X59932
5959,X60003
5960,X60036
5961,X60104
5962,X60188
5963,X60221
5964,X60299
5965,X60382
5966,X60483
5967,X60484
5968,X60486
5969,X60487
5970,X60489
5971,X60592
5972,X60655
5973,X60673
5974,X60708
5975,X60787
5976,X60955
5977,X60957
5978,X60992
5979,X61070
5980,X61072
5981,X61079
5982,X61100
5983,X61118
5984,X61123
5985,X61177
5986,X61373
5987,X61587
5988,X61615
5989,X61755
5990,X61970
5991,X62025
5992,X62048
5993,X62055
5994,X62078
5995,X62083
5996,X62153
5997,X62320
5998,X62429
5999,X62466
6000,X62515
6001,X62534
6002,X62535
6003,X62573
6004,X62654
6005,X62691
6006,X62744
6007,X62822
6008,X62891
6009,X63097
6010,X63131
6011,X63187
6012,X63337
6013,X63359
6014,X63380
6015,X63417
6016,X63422
6017,X63454
6018,X63468
6019,X63469
6020,X63522
6021,X63527
6022,X63546
6023,X63563
6024,X63575
6025,X63578
6026,X63597
6027,X63629
6028,X63657
6029,X63679
6030,X63692
6031,X63717
6032,X63741
6033,X63753
6034,X63755
6035,X63759
6036,X64037
6037,X64044
6038,X64072
6039,X64177
6040,X64229
6041,X64269
6042,X64330
6043,X64364
6044,X64559
6045,X64594
6046,X64624
6047,X64643
6048,X64707
6049,X64728
6050,X64810
6051,X64838
6052,X64877
6053,X64877
6054,X64878
6055,X64994
6056,X65233
6057,X65293
6058,X65463
6059,X65488
6060,X65550
6061,X65614
6062,X65633
6063,X65644
6064,X65663
6065,X65724
6066,X65727
6067,X65784
6068,X65857
6069,X65867
6070,X65873
6071,X65962
6072,X65965
6073,X65977
6074,X66079
6075,X66087
6076,X66113
6077,X66114
6078,X66141
6079,X66142
6080,X66171
6081,X66276
6082,X66358
6083,X66360
6084,X66362
6085,X66363
6086,X66364
6087,X66365
6088,X66397
6089,X66401
6090,X66403
6091,X66417
6092,X66436
6093,X66503
6094,X66533
6095,X66534
6096,X66610
6097,X66785
6098,X66839
6099,X66867
6100,X66894
6101,X66899
6102,X66922
6103,X66945
6104,X67081
6105,X67098
6106,X67155
6107,X67235
6108,X67247
6109,X67318
6110,X67325
6111,X67337
6112,X67491
6113,X67594
6114,X67683
6115,X67697
6116,X67698
6117,X67734
6118,X67951
6119,X68090
6120,X68149
6121,X68194
6122,X68242
6123,X68264
6124,X68277
6125,X68285
6126,X68314
6127,X68486
6128,X68487
6129,X68505
6130,X68560
6131,X68561
6132,X68688
6133,X68733
6134,X68742
6135,X68836
6136,X68985
6137,X68994
6138,X69089
6139,X69090
6140,X69111
6141,X69115
6142,X69116
6143,X69141
6144,X69150
6145,X69391
6146,X69398
6147,X69433
6148,X69550
6149,X69636
6150,X69654
6151,X69699
6152,X69819
6153,X69838
6154,X69878
6155,X69886
6156,X69908
6157,X69910
6158,X69920
6159,X69950
6160,X69962
6161,X69978
6162,X70040
6163,X70070
6164,X70083
6165,X70218
6166,X70297
6167,X70340
6168,X70394
6169,X70476
6170,X70649
6171,X70683
6172,X70811
6173,X70940
6174,X70944
6175,X70991
6176,X71125
6177,X71129
6178,X71135
6179,X71345
6180,X71348
6181,X71428
6182,X71490
6183,X71661
6184,X71874
6185,X71877
6186,X71973
6187,X72012
6188,X72177
6189,X72304
6190,X72308
6191,X72475
6192,X72632
6193,X72727
6194,X72755
6195,X72790
6196,X72841
6197,X72879
6198,X72882
6199,X72889
6200,X72925
6201,X72964
6202,X73079
6203,X73113
6204,X73358
6205,X73460
6206,X73478
6207,X73501
6208,X73608
6209,X73874
6210,X73882
6211,X74008
6212,X74039
6213,X74104
6214,X74142
6215,X74262
6216,X74295
6217,X74301
6218,X74328
6219,X74330
6220,X74331
6221,X74496
6222,X74570
6223,X74614
6224,X74764
6225,X74794
6226,X74795
6227,X74801
6228,X74819
6229,X74837
6230,X74874
6231,X74929
6232,X74987
6233,X75042
6234,X75091
6235,X75208
6236,X75252
6237,X75304
6238,X75308
6239,X75315
6240,X75342
6241,X75346
6242,X75535
6243,X75546
6244,X75593
6245,X75755
6246,X75756
6247,X75861
6248,X75917
6249,X75918
6250,X75958
6251,X75962
6252,X76013
6253,X76029
6254,X76040
6255,X76057
6256,X76059
6257,X76061
6258,X76092
6259,X76104
6260,X76105
6261,X76132
6262,X76180
6263,X76223
6264,X76228
6265,X76302
6266,X76342
6267,X76383
6268,X76498
6269,X76534
6270,X76538
6271,X76648
6272,X76717
6273,X76732
6274,X76770
6275,X76942
6276,X77094
6277,X77166
6278,X77197
6279,X77307
6280,X77366
6281,X77383
6282,X77533
6283,X77548
6284,X77567
6285,X77584
6286,X77588
6287,X77737
6288,X77744
6289,X77748
6290,X77753
6291,X77777
6292,X77794
6293,X77909
6294,X77922
6295,X78031
6296,X78121
6297,X78136
6298,X78338
6299,X78342
6300,X78416
6301,X78520
6302,X78549
6303,X78565
6304,X78578
6305,X78627
6306,X78669
6307,X78678
6308,X78686
6309,X78687
6310,X78706
6311,X78710
6312,X78711
6313,X78712
6314,X78817
6315,X78924
6316,X78925
6317,X78926
6318,X78932
6319,X78933
6320,X78992
6321,X79066
6322,X79067
6323,X79200
6324,X79200
6325,X79201
6326,X79204
6327,X79234
6328,X79353
6329,X79439
6330,X79440
6331,X79483
6332,X79510
6333,X79536
6334,X79568
6335,X79683
6336,X79780
6337,X79781
6338,X79865
6339,X79882
6340,X79888
6341,X79981
6342,X79984
6343,X80026
6344,X80062
6345,X80198
6346,X80199
6347,X80200
6348,X80230
6349,X80343
6350,X80497
6351,X80507
6352,X80590
6353,X80692
6354,X80695
6355,X80754
6356,X80763
6357,X80818
6358,X80822
6359,X80878
6360,X80907
6361,X80909
6362,X80910
6363,X80915
6364,X80923
6365,X81003
6366,X81198
6367,X81333
6368,X81372
6369,X81420
6370,X81438
6371,X81479
6372,X81625
6373,X81636
6374,X81637
6375,X81788
6376,X81817
6377,X81832
6378,X81836
6379,X81851
6380,X81882
6381,X81889
6382,X81892
6383,X81895
6384,X82018
6385,X82068
6386,X82103
6387,X82125
6388,X82153
6389,X82200
6390,X82206
6391,X82207
6392,X82209
6393,X82224
6394,X82240
6395,X82279
6396,X82324
6397,X82434
6398,X82456
6399,X82494
6400,X82539
6401,X82554
6402,X82629
6403,X82634
6404,X82676
6405,X82693
6406,X82835
6407,X82850
6408,X82877
6409,X82895
6410,X83107
6411,X83127
6412,X83218
6413,X83228
6414,X83301
6415,X83368
6416,X83378
6417,X83412
6418,X83416
6419,X83425
6420,X83441
6421,X83490
6422,X83492
6423,X83492
6424,X83535
6425,X83543
6426,X83572
6427,X83573
6428,X83618
6429,X83703
6430,X83705
6431,X83857
6432,X83863
6433,X83928
6434,X83929
6435,X83973
6436,X84002
6437,X84003
6438,X84194
6439,X84195
6440,X84213
6441,X84373
6442,X84707
6443,X84709
6444,X84740
6445,X84746
6446,X84908
6447,X85106
6448,X85116
6449,X85133
6450,X85134
6451,X85137
6452,X85178
6453,X85237
6454,X85372
6455,X85373
6456,X85545
6457,X85740
6458,X85750
6459,X85753
6460,X85781
6461,X85785
6462,X85786
6463,X86012
6464,X86018
6465,X86019
6466,X86098
6467,X86163
6468,X86371
6469,X86400
6470,X86401
6471,X86428
6472,X86564
6473,X86570
6474,X86681
6475,X86691
6476,X86693
6477,X86779
6478,X86809
6479,X86816
6480,X87159
6481,X87160
6482,X87176
6483,X87211
6484,X87212
6485,X87237
6486,X87241
6487,X87342
6488,X87344
6489,X87344
6490,X87613
6491,X87767
6492,X87838
6493,X87843
6494,X87852
6495,X87870
6496,X87871
6497,X87904
6498,X89059
6499,X89066
6500,X89067
6501,X89101
6502,X89109
6503,X89211
6504,X89267
6505,X89398
6506,X89399
6507,X89416
6508,X89426
6509,X89430
6510,X89576
6511,X89750
6512,X89894
6513,X89960
6514,X89984
6515,X89985
6516,X89986
6517,X90392
6518,X90530
6519,X90568
6520,X90761
6521,X90763
6522,X90780
6523,X90824
6524,X90828
6525,X90840
6526,X90846
6527,X90846
6528,X90857
6529,X90858
6530,X90872
6531,X90908
6532,X90976
6533,X90978
6534,X90999
6535,X91103
6536,X91117
6537,X91141
6538,X91148
6539,X91196
6540,X91220
6541,X91247
6542,X91249
6543,X91257
6544,X91348
6545,X91504
6546,X91648
6547,X91653
6548,X91788
6549,X91809
6550,X91868
6551,X91911
6552,X91992
6553,X92098
6554,X92106
6555,X92110
6556,X92368
6557,X92396
6558,X92475
6559,X92493
6560,X92518
6561,X92521
6562,X92689
6563,X92715
6564,X92720
6565,X92744
6566,X92762
6567,X92814
6568,X92896
6569,X92972
6570,X93017
6571,X93036
6572,X93498
6573,X93499
6574,X93510
6575,X93511
6576,X93512
6577,X93920
6578,X93921
6579,X93996
6580,X94232
6581,X94333
6582,X94453
6583,X94563
6584,X94612
6585,X94628
6586,X94629
6587,X94703
6588,X94754
6589,X94910
6590,X95073
6591,X95095
6592,X95097
6593,X95152
6594,X95190
6595,X95191
6596,X95237
6597,X95239
6598,X95240
6599,X95289
6600,X95325
6601,X95384
6602,X95404
6603,X95406
6604,X95425
6605,X95463
6606,X95525
6607,X95586
6608,X95592
6609,X95632
6610,X95648
6611,X95654
6612,X95677
6613,X95715
6614,X95735
6615,X95808
6616,X95826
6617,X95876
6618,X96381
6619,X96401
6620,X96484
6621,X96506
6622,X96584
6623,X96586
6624,X96698
6625,X96719
6626,X96752
6627,X96753
6628,X96754
6629,X96783
6630,X96849
6631,X96924
6632,X96969
6633,X97058
6634,X97064
6635,X97065
6636,X97074
6637,X97160
6638,X97198
6639,X97230
6640,X97249
6641,X97261
6642,X97261
6643,X97267
6644,X97301
6645,X97302
6646,X97303
6647,X97324
6648,X97335
6649,X97444
6650,X97544
6651,X97630
6652,X97671
6653,X97674
6654,X97675
6655,X97748
6656,X97795
6657,X98001
6658,X98085
6659,X98172
6660,X98176
6661,X98178
6662,X98206
6663,X98225
6664,X98248
6665,X98253
6666,X98258
6667,X98260
6668,X98261
6669,X98263
6670,X98266
6671,X98296
6672,X98307
6673,X98311
6674,X98330
6675,X98337
6676,X98411
6677,X98482
6678,X98482
6679,X98507
6680,X98534
6681,X98743
6682,X98801
6683,X98833
6684,X98834
6685,X99050
6686,X99076
6687,X99101
6688,X99133
6689,X99140
6690,X99141
6691,X99142
6692,X99209
6693,X99226
6694,X99268
6695,X99296
6696,X99325
6697,X99350
6698,X99374
6699,X99393
6700,X99459
6701,X99479
6702,X99584
6703,X99585
6704,X99586
6705,X99656
6706,X99657
6707,X99664
6708,X99687
6709,X99688
6710,X99699
6711,X99720
6712,X99728
6713,X99802
6714,X99886
6715,X99894
6716,X99897
6717,X99920
6718,X99947
6719,X99961
6720,X99975
6721,Y00062
6722,Y00064
6723,Y00067
6724,Y00081
6725,Y00083
6726,Y00097
6727,Y00264
6728,Y00281
6729,Y00282
6730,Y00285
6731,Y00291
6732,Y00317
6733,Y00318
6734,Y00339
6735,Y00414
6736,Y00433
6737,Y00451
6738,Y00477
6739,Y00486
6740,Y00503
6741,Y00636
6742,Y00705
6743,Y00757
6744,Y00764
6745,Y00787
6746,Y00796
6747,Y00815
6748,Y00970
6749,Y00971
6750,Y00978
6751,Y07512
6752,Y07565
6753,Y07566
6754,Y07595
6755,Y07596
6756,Y07604
6757,Y07683
6758,Y07701
6759,Y07707
6760,Y07755
6761,Y07759
6762,Y07827
6763,Y07828
6764,Y07829
6765,Y07829
6766,Y07846
6767,Y07847
6768,Y07867
6769,Y07909
6770,Y08134
6771,Y08136
6772,Y08200
6773,Y08223
6774,Y08263
6775,Y08265
6776,Y08302
6777,Y08319
6778,Y08374
6779,Y08409
6780,Y08417
6781,Y08564
6782,Y08612
6783,Y08613
6784,Y08614
6785,Y08639
6786,Y08682
6787,Y08765
6788,Y08766
6789,Y08836
6790,Y08837
6791,Y08915
6792,Y08976
6793,Y08991
6794,Y08999
6795,Y09022
6796,Y09216
6797,Y09267
6798,Y09305
6799,Y09306
6800,Y09321
6801,Y09392
6802,Y09443
6803,Y09445
6804,Y09561
6805,Y09615
6806,Y09616
6807,Y09836
6808,Y09858
6809,Y09912
6810,Y09943
6811,Y09980
6812,Y10032
6813,Y10055
6814,Y10141
6815,Y10202
6816,Y10204
6817,Y10205
6818,Y10207
6819,Y10209
6820,Y10210
6821,Y10256
6822,Y10260
6823,Y10262
6824,Y10275
6825,Y10313
6826,Y10375
6827,Y10376
6828,Y10505
6829,Y10506
6830,Y10508
6831,Y10510
6832,Y10511
6833,Y10512
6834,Y10514
6835,Y10515
6836,Y10517
6837,Y10518
6838,Y10571
6839,Y10615
6840,Y10659
6841,Y10807
6842,Y10812
6843,Y10871
6844,Y10936
6845,Y11174
6846,Y11180
6847,Y11215
6848,Y11251
6849,Y11306
6850,Y11416
6851,Y11651
6852,Y11681
6853,Y11709
6854,Y11710
6855,Y11897
6856,Y11999
6857,Y12393
6858,Y12394
6859,Y12478
6860,Y12556
6861,Y12670
6862,Y12711
6863,Y12812
6864,Y12856
6865,Y13115
6866,Y13153
6867,Y13247
6868,Y13618
6869,Y13620
6870,Y13896
6871,Y14140
6872,Z00010
6873,Z11502
6874,Z11518
6875,Z11559
6876,Z11685
6877,Z11695
6878,Z11697
6879,Z11737
6880,Z11793
6881,Z11850
6882,Z11899
6883,Z11933
6884,Z12173
6885,Z12830
6886,Z12962
6887,Z14000
6888,Z14093
6889,Z14244
6890,Z14978
6891,Z14982
6892,Z15005
6893,Z15108
6894,Z15114
6895,Z15115
6896,Z16411
6897,Z17227
6898,Z17240
6899,Z18859
6900,Z18948
6901,Z18951
6902,Z18954
6903,Z18956
6904,Z19002
6905,Z19554
6906,Z19574
6907,Z19585
6908,Z20656
6909,Z21488
6910,Z21507
6911,Z21707
6912,Z21966
6913,Z22534
6914,Z22535
6915,Z22536
6916,Z22548
6917,Z22551
6918,Z22555
6919,Z22780
6920,Z22865
6921,Z22951
6922,Z22970
6923,Z23064
6924,Z23090
6925,Z23091
6926,Z23115
6927,Z24459
6928,Z24680
6929,Z24724
6930,Z24725
6931,Z24727
6932,Z25521
6933,Z25535
6934,Z25749
6935,Z25884
6936,Z26248
6937,Z26256
6938,Z26317
6939,Z26491
6940,Z26634
6941,Z26653
6942,Z26876
6943,Z27113
6944,Z28339
6945,Z28407
6946,Z29064
6947,Z29066
6948,Z29067
6949,Z29074
6950,Z29077
6951,Z29083
6952,Z29090
6953,Z29331
6954,Z29481
6955,Z29505
6956,Z29572
6957,Z29574
6958,Z29678
6959,Z30425
6960,Z30426
6961,Z30643
6962,Z30644
6963,Z31357
6964,Z31560
6965,Z31690
6966,Z31695
6967,Z32684
6968,Z32765
6969,Z33642
6970,Z33905
6971,Z34822
6972,Z34897
6973,Z34918
6974,Z34974
6975,Z34975
6976,Z35085
6977,Z35093
6978,Z35102
6979,Z35227
6980,Z35278
6981,Z35307
6982,Z35309
6983,Z35402
6984,Z35491
6985,Z36531
6986,Z36714
6987,Z36715
6988,Z37166
6989,Z37976
6990,Z37986
6991,Z37987
6992,Z38026
6993,Z38133
6994,Z46261
6995,Z46376
6996,Z46629
6997,Z46632
6998,Z46632
6999,Z46788
7000,Z46967
7001,Z46973
7002,Z47038
7003,Z47043
7004,Z47055
7005,Z47087
7006,Z47553
7007,Z47556
7008,Z47727
7009,Z48042
7010,Z48051
7011,Z48054
7012,Z48199
7013,Z48314
7014,Z48475
7015,Z48481
7016,Z48482
7017,Z48501
7018,Z48510
7019,Z48511
7020,Z48512
7021,Z48519
7022,Z48520
7023,Z48541
7024,Z48570
7025,Z48579
7026,Z48605
7027,Z48633
7028,Z48804
7029,Z48923
7030,Z48950
7031,Z49099
7032,Z49105
7033,Z49107
7034,Z49148
7035,Z49155
7036,Z49194
7037,Z49205
7038,Z49208
7039,Z49254
7040,Z49269
7041,Z49825
7042,Z49835
7043,Z49878
7044,Z49989
7045,Z49995
7046,Z50022
7047,Z50053
7048,Z50115
7049,Z50194
7050,Z50749
7051,Z50781
7052,Z50853
7053,Z54367
7054,Z56281
7055,Z67743
7056,Z68129
7057,Z68193
7058,Z68204
7059,Z68228
7060,Z68274
7061,Z68280
7062,Z68747
7063,Z69030
7064,Z69043
7065,Z69720
7066,Z69881
7067,Z69915
7068,Z69923
7069,Z70218
7070,Z70219
7071,Z70220
7072,Z70222
7073,Z70276
7074,Z70295
7075,Z70723
7076,Z70759
7077,Z71389
7078,Z71460
7079,Z72499
7080,Z73497
7081,Z73677
7082,Z73903
7083,Z74615
7084,Z74616
7085,Z74792
7086,Z75190
7087,Z75330
7088,Z78285
7089,Z78289
7090,Z78290
7091,Z78291
7092,Z79581
7093,Z79693
7094,Z80345
7095,Z80776
7096,Z80777
7097,Z80779
7098,Z80780
7099,Z80781
7100,Z80783
7101,Z80787
7102,Z80788
7103,Z81326
7104,Z83336
7105,Z83735
7106,Z83741
7107,Z83742
7108,Z83745
7109,Z83799
7110,Z83800
7111,Z83802
7112,Z83803
7113,Z83804
7114,Z83805
7115,Z83806
7116,Z83821
7117,Z84483
7118,Z84497
7119,Z84718
7120,Z84721
7121,Z84721
7122,Z84722
7123,Z86000
7124,Z93784
7125,Z94753
7126,Z95624
7127,Z96810
7128,Z97054
7129,Z97074
